id,id2,kttr,rw,cw,idm,mwr,nn,vv,ad,con,cc,pp,pn,asl,pun,mdd,ba,bei
chang,ch1_1,76.78912408,6.31043257,80.40712468,1.622718053,6689.940793,25.39440204,24.17302799,13.58778626,67.53180662,1.017811705,3.816793893,7.430025445,24.87341772,15.48387097,3.16030875,0.203562341,0.050890585
chang,ch1_2,74.5228647,6.45867542,81.22605364,1.034858388,5755.272089,20.89715536,26.75054705,14.38730853,66.63019694,0.601750547,2.242888403,9.792122538,12.18,20.87483759,2.312498085,0.273522976,0.10940919
chang,ch1_3,69.69493514,6.3058329,82.18602207,1.513569937,5394.753225,22.07041513,26.11665791,13.29479769,64.792433,1.050972149,3.993694167,10.93011035,12.35714286,20.44314381,2.316812879,0.472937467,0
chang,ch2_1,55.16054833,7.76632302,78.1443299,1.300479124,6064.114754,24.46735395,25.42955326,11.82130584,66.66666667,0.824742268,3.298969072,7.491408935,13.47222222,18.7150838,2.410457481,0.206185567,0
chang,ch2_2,55.95331094,9.4233474,79.395218,1.053370787,5512.726708,26.70414617,26.00140548,10.82220661,67.53338018,0.562192551,3.302881237,7.378777231,13.54285714,20.02249719,2.330646742,0.210822207,0.140548138
chang,ch2_3,71.78936801,7.94852385,80.24224073,1.055011304,5294.714638,22.02876609,28.46328539,13.17183952,66.69190008,0.454201363,3.330809992,11.12793338,11.9009009,22.29411765,2.299353174,0.378501136,0
chang,ch3_1,54.96624658,7.75906075,76.11026034,2.136317396,7569.198118,27.44897959,26.58163265,11.98979592,70.15306122,0.969387755,2.755102041,5.918367347,16.19008264,17.99916283,2.604883452,0.204081633,0.051020408
chang,ch3_2,65.09899994,7.25893824,80.55254605,1.891891892,6043.676402,23.2936078,24.81040087,12.45937161,64.51787649,0.433369447,4.117009751,10.2383532,11.98701299,19.80886186,2.300064396,0.108342362,0
chang,ch3_3,61.83446537,5.89430894,81.35162602,1.761449421,5653.165227,22.5101626,25.45731707,14.53252033,66.97154472,0.81300813,3.658536585,10.06097561,13.95744681,19.47626841,2.494030291,0,0
chang,ch4_1,51.21377342,12.25369458,74.50738916,1.287553648,6753.087018,32.69704433,21.24384236,11.33004926,69.39655172,1.416256158,2.832512315,8.189655172,18.88372093,19.6039604,2.914662312,0.123152709,0
chang,ch4_2,77.77587668,10.63953488,79.30232558,1.217391304,5269.398178,25.29069767,26.45348837,11.68604651,67.09302326,0.523255814,2.965116279,10.69767442,10.05847953,22.6618705,2.209536529,0.406976744,0
chang,ch4_3,72.71335962,7.02576112,82.529274,0.888265545,4997.992443,23.1381733,24.82435597,11.94379391,63.70023419,0.74941452,3.7470726,11.47540984,15.93283582,18.10510165,2.598645405,0.468384075,0.140515222
chang,ch5_1,68.96579274,6.96296296,82.88888889,1.17820324,5161.003981,21.7037037,27.03703704,13.11111111,65.92592593,0.518518519,2.740740741,10.96296296,10.71428571,22.01039861,2.258149267,0.148148148,0
chang,ch5_2,60.54617648,6.22377622,80.20979021,1.606145251,6381.514541,22.37762238,25.94405594,13.35664336,65.52447552,0.909090909,3.916083916,8.741258741,13.88349515,20.28985507,2.519114051,0.27972028,0
chang,ch5_3,71.05444712,7.17948718,81.34615385,1.264222503,5799.728591,25.51282051,23.78205128,11.6025641,64.23076923,0.641025641,3.269230769,9.423076923,15,19.79434447,2.636444939,0.128205128,0
chang,ch6_1,79.9445105,9.8989899,75.35353535,2.278820375,6703.680867,26.5993266,21.88552189,12.45791246,65.11784512,0.740740741,4.983164983,8.552188552,18.79746835,17.17791411,2.977320866,0.134680135,0
chang,ch6_2,65.4852961,7.86026201,81.51382824,1.230101302,4853.00316,21.32459971,25.83697234,14.48326055,65.64774381,0.873362445,3.347889374,11.5720524,9.608391608,22.76559865,2.189909062,0.218340611,0.072780204
chang,ch6_3,82.3029132,7.19754977,81.24042879,1.524390244,5323.057756,19.29555896,26.72281776,13.62940276,64.08882083,0.918836141,3.522205207,11.02603369,13.46391753,18.73055383,2.417930405,0.229709035,0
chang,ch7_1,62.29803884,7.95124782,78.87405688,1.264367816,6267.895965,25.13058619,27.16192687,10.91120139,68.36912362,0.290191526,2.843876959,8.647707487,9.959537572,22.24729242,2.191413766,0.580383053,0.116076611
chang,ch7_2,64.16562055,7.38544474,82.26415094,1.127214171,4692.916182,21.61725067,27.9245283,12.61455526,65.44474394,0.700808625,2.911051213,10.51212938,9.814814815,22.05882353,2.066007021,0.323450135,0
chang,ch7_3,73.42801986,7.21649485,82.4742268,1.239224138,4874.64269,20.18448182,28.9744981,14.37873033,65.97938144,0.488334238,3.147042865,12.85946826,10.12637363,23.01587302,2.191090686,0.325556158,0.05425936
chang,ch7_4,63.41508941,8.05471125,79.02735562,1.766784452,5811.850689,21.62025316,26.37974684,15.74683544,66.88607595,0.607594937,3.139240506,9.417721519,12.65384615,20.17792155,2.419135949,0.202531646,0.101265823
chang,ch7_5,70.14394148,6.77676538,82.68792711,1.361315939,5005.251069,20.89977221,28.70159453,12.12984055,64.74943052,0.512528474,3.416856492,12.30068337,10.9068323,22.71126761,2.220586173,0.569476082,0
chang,ch8_1,83.69665742,7.33590734,80.11583012,1.920614597,5832.408333,22.32947233,25.03217503,13.38481338,65.37966538,0.900900901,3.346203346,11.58301158,19.67088608,16.22641509,2.88620781,0.514800515,0.128700129
chang,ch8_2,54.89097632,6.83506686,83.13521545,0.88823094,5008.666667,21.17384844,25.70579495,14.7102526,65.52748886,0.668647845,3.640416048,9.881129272,13.73469388,19.25614877,2.511469799,0.371471025,0
chang,ch8_3,63.77565077,9.19618529,80.10899183,1.08401084,5282.287322,24.2506812,26.90735695,13.82833787,68.9373297,0.613079019,3.133514986,7.697547684,15.13402062,18.12604573,2.588130683,0.544959128,0
chang,ch9_1,65.69588847,7.35475896,82.44746601,1.900674433,4931.576384,23.22421248,28.84496603,11.67387276,67.14021001,0.864731316,2.779493515,11.05620754,11.00680272,20.84148728,2.256681223,0.24706609,0.061766523
chang,ch9_2,78.60715956,7.8133478,82.4742268,1.184068891,4732.8093,23.00215983,26.56587473,11.71706263,64.20086393,0.593952484,2.591792657,10.90712743,12.71034483,19.02460457,2.346608093,0.809935205,0.05399568
chang,ch9_3,70.53182936,5.73537763,83.87279955,1.354401806,5239.161446,22.81498297,24.85811578,14.415437,66.34506243,0.964812713,4.086265607,9.761634506,20.47674419,16.81624941,2.871553857,0.340522134,0.056753689
deng,ch1_1,87.94827496,6.57471264,83.63218391,1.240808824,5287.386319,24.55172414,20.55172414,11.81609195,61.88505747,1.195402299,4.873563218,8.413793103,19.59459459,13.92956074,2.890060862,0.229885057,0.045977011
deng,ch1_2,79.33527658,5.32024793,83.93595041,1.28998968,4733.077469,18.75,24.84504132,12.80991736,61.57024793,0.929752066,3.202479339,11.7768595,14.66666667,20,2.596299842,0.361570248,0.20661157
deng,ch1_3,85.54530214,4.6644455,84.38838648,0.808753568,5066.571143,19.80009519,25.41646835,12.85102332,61.92289386,0.999524036,3.331746787,12.70823417,14.29251701,19.34740883,2.510255872,0.333174679,0.285578296
deng,ch2_1,77.91623725,5.63471503,82.44818653,0.906735751,5295.399451,23.63989637,21.43782383,10.0388601,60.62176166,1.03626943,4.339378238,7.836787565,15.28712871,17.95961743,2.562642138,0.388601036,0
deng,ch2_2,75.85386855,6.65362035,83.30071755,0.782778865,4828.113906,23.48336595,22.63535551,10.17612524,60.46966732,1.304631442,3.392041748,10.11089367,15.17821782,18.37060703,2.533398287,0.587084149,0.065231572
deng,ch2_3,83.57799481,6.54490107,83.25722983,0.53070508,4880.414495,21.46118721,25.87519026,12.40487062,62.48097412,0.913242009,3.729071537,11.94824962,13.27272727,21.08108108,2.49556821,0.456621005,0.228310502
deng,ch3_1,66.92531053,8.23648307,81.3542193,1.667508843,5772.84196,23.74936837,22.68822638,12.17786761,62.96109146,1.667508843,4.143506822,8.034360788,16.49166667,16.60345554,2.688224251,0.101061142,0.202122284
deng,ch3_2,74.9723506,6.90771722,83.9719374,0.917431193,5087.695652,21.69454938,24.87857528,11.54883972,62.97895305,1.079330815,4.587155963,11.6567728,12.95804196,18.97682554,2.460535825,0.269832704,0.107933081
deng,ch3_3,82.08209647,6.18004866,85.30413625,1.213003396,4399.33973,20,24.81751825,13.04136253,62.48175182,0.97323601,3.795620438,9.781021898,14.89130435,17.17049577,2.526294128,0.194647202,0.291970803
deng,ch4_1,74.80980051,11.18012422,79.16431395,0.959909656,4963.522568,29.47487295,19.42405421,9.994353473,63.41050254,2.258610954,4.234895539,9.147374365,16.55140187,16.61958569,2.907125222,0.056465274,0.225861095
deng,ch4_2,82.62171728,8.00681431,83.98637138,1.077708452,4166.539506,23.22544009,25.09937535,9.937535491,62.18057922,0.511073254,3.747870528,12.15218626,12.40140845,21.83754993,2.387898804,0.454287337,0
deng,ch4_3,76.04374341,7.71456123,83.22082932,0.721847931,4620.396029,21.64898746,24.10800386,11.81292189,60.89681774,0.723240116,4.43587271,12.34329797,16.46031746,17.17252396,2.715343174,0.337512054,0.144648023
deng,ch5_1,80.36980689,6.08760208,85.8203415,0.964391691,4103.203953,20.19302153,25.68671121,12.02672606,62.43504083,0.816629547,2.96956199,12.02672606,11.51282051,21.59487776,2.322834782,0.296956199,0.07423905
deng,ch5_2,75.57309016,6.51130912,84.03015764,1.576422207,4873.333578,21.11034955,24.60589445,12.95407814,62.7141878,0.822481151,3.906785469,10.96641535,13.8952381,18.49162011,2.574369214,0.274160384,0.068540096
deng,ch5_3,83.26764399,6.59898477,82.23350254,1.138519924,5510.247962,23.60406091,22.39847716,10.78680203,61.73857868,1.14213198,4.060913706,10.34263959,17.13043478,18.08731809,2.87044094,0.19035533,0.063451777
deng,ch6_1,94.03032107,7.9035499,80.91091762,1.40562249,5480.391273,24.4474213,21.29939719,11.25251172,61.08506363,0.870730074,4.554588078,9.243134628,18.89873418,14.88027366,3.004530251,0.334896182,0
deng,ch6_2,73.45250189,6.85714286,84.78571429,0.92724679,3974.667945,20,24.35714286,13.78571429,61.42857143,1.428571429,3.714285714,13.71428571,11.76470588,22.60917634,2.412903554,0.428571429,0.142857143
deng,ch6_3,91.95719382,5.50879878,83.1675593,1.757066463,5325.959514,18.82172915,24.94261668,12.62433053,61.36189748,1.147666412,3.9020658,11.24713083,15.93902439,17.90201005,2.691237853,0.229533282,0.153022188
deng,ch7_1,72.7325096,7.40305523,81.02232667,0.700116686,5328.304569,23.91304348,24.79435958,11.75088132,65.04112808,0.646298472,3.349001175,10.39952996,10.98064516,21.9266055,2.335059555,0.587544066,0.17626322
deng,ch7_2,68.90043219,8.28337875,82.07084469,1.033732318,4518.720143,21.79836512,26.15803815,11.17166213,62.61580381,1.198910082,3.705722071,11.28065395,11.46875,21.68160478,2.276368098,0.490463215,0.054495913
deng,ch7_3,78.50012115,7.39056282,83.62706083,0.907543959,4167.209945,18.06818182,26.76136364,13.75,61.93181818,0.965909091,2.897727273,14.48863636,10.92546584,23.2547993,2.284349955,0.625,0.113636364
deng,ch7_4,74.13748867,7,82.45,1.098352471,4761.212903,20.05,24.95,13.35,62.55,1.1,3.8,11.05,13.33333333,18.92987434,2.487631695,0.4,0.15
deng,ch7_5,80.69127694,6.78909293,84.36282693,0.333889816,4239.009552,20.3672788,26.37729549,11.12966055,61.93656093,0.556483027,4.062326099,12.57651642,11.37341772,21.2187637,2.290585317,0.556483027,0.111296605
deng,ch8_1,89.25949455,5.71428571,83.40425532,1.823708207,5212.813024,21.51975684,23.58662614,13.00911854,63.46504559,1.155015198,3.890577508,11.00303951,19.81927711,14.36751692,2.80818116,0.364741641,0.303951368
deng,ch8_2,69.52634485,6.78210678,85.35353535,1.082251082,3831.091331,19.91341991,24.02597403,13.92496392,61.97691198,0.793650794,3.751803752,11.3997114,14,17.15481172,2.468303373,0.288600289,0.216450216
deng,ch8_3,76.79443571,6.52173913,83.69565217,0.339443313,4694.167878,22.55434783,26.5625,12.36413043,65.28532609,0.543478261,3.872282609,9.850543478,15.33333333,17.67337808,2.47750952,0.407608696,0.067934783
deng,ch9_1,84.55542344,5.6766055,86.58256881,1.088201604,4106.607903,21.31805158,26.53295129,12.03438395,62.80802292,0.744985673,3.553008596,11.91977077,13.84126984,18.69463869,2.504229445,0.343839542,0.229226361
deng,ch9_2,94.26499344,6.91144708,85.69114471,0.75553157,3972.470418,21.49028078,25.48596112,10.04319654,60.42116631,0.809935205,3.887688985,13.01295896,14.13740458,17.68888889,2.515799906,0.755939525,0.161987041
deng,ch9_3,86.0106666,5.90858417,84.72686734,1.559020045,4694.481043,21.29319955,23.24414716,11.76142698,60.92530658,1.170568562,4.292084727,11.0367893,21.35714286,14.48999047,3.016963317,0.445930881,0.22296544
kao,ch1_1,83.32714298,7.25321888,82.27467811,1.888412017,5405.836187,24.67811159,21.80257511,13.21888412,63.94849785,0.944206009,4.592274678,8.111587983,27.09302326,12.83202394,3.181187321,0.300429185,0.042918455
kao,ch1_2,75.81277975,6.77009873,83.35684062,2.209685002,4809.273323,18.75,25.51691729,13.67481203,62.45300752,0.892857143,3.007518797,10.94924812,17.15322581,18.90964544,2.674801356,0.79887218,0.046992481
kao,ch1_3,79.54511833,5.80985915,84.77112676,1.320422535,4703.591589,21.12676056,25.35211268,13.99647887,64.04049296,0.968309859,3.565140845,11.83978873,16.11347518,17.74076756,2.522570391,0.660211268,0
kao,ch2_1,62.75202748,6.6305003,81.25376733,1.446654611,5714.757908,24.95479204,23.20675105,12.23628692,65.03918023,0.602772755,3.254972875,7.353827607,18.43333333,17.42160279,2.743847181,0.361663653,0.120554551
kao,ch2_2,67.98765432,6.98957695,83.7522992,1.22624157,4947.535267,23.85039853,24.09564684,11.15879828,62.66094421,0.858369099,3.740036787,8.828939301,17.35106383,17.50126454,2.579212632,0.674432863,0.061312078
kao,ch2_3,78.06622008,6.2150404,83.84089497,1.115933044,4849.969516,20.3231821,27.09757613,13.30018645,63.76631448,0.745804848,3.418272219,11.99502797,15.7745098,19.02365375,2.66186005,0.559353636,0
kao,ch3_1,65.87656069,7.63888889,80.64814815,2.127659574,6103.872682,24.81481481,24.39814815,12.03703704,65.18518519,0.87962963,3.37962963,7.777777778,19.45945946,16.57010429,2.69706379,0.277777778,0.138888889
kao,ch3_2,69.99475875,7.56676558,82.14638971,1.730959446,5419.081862,20.67260138,24.23343225,13.60039565,62.36399604,0.346191889,4.896142433,11.02868447,15.31818182,18.00486618,2.617758973,0.247279921,0.049455984
kao,ch3_3,66.73240849,6.37082601,84.40246046,1.969365427,4672.513843,22.14411248,23.90158172,13.53251318,63.79613357,0.922671353,3.9543058,10.28119508,18.35483871,16.72155141,2.701558578,0.439367311,0.175746924
kao,ch4_1,63.7724439,11.55419223,78.32310838,1.48185999,5037.927168,28.92181911,21.25702606,12.16147164,66.01941748,1.788451712,4.241185488,7.869187532,21.49450549,15.90713672,3.137846194,0.255493102,0.153295861
kao,ch4_2,83.4427026,7.35516373,84.4836272,0.906801008,4114.091354,22.75931521,24.57200403,11.88318228,62.94058409,0.302114804,3.524672709,11.63141994,14.38405797,20.40898156,2.447025106,0.604229607,0.100704935
kao,ch4_3,76.13446133,6.41934139,84.66027511,1.040799334,4663.540312,20.84201751,24.80200083,11.79658191,61.0671113,0.375156315,4.293455607,12.04668612,18.45384615,15.70625439,2.761828315,0.791996665,0.041684035
kao,ch5_1,83.37834013,6.44111906,85.23096942,1.691607027,4233.439499,20.15604681,25.81274382,11.63849155,61.83355007,0.585175553,3.641092328,12.35370611,13.25,19.3175853,2.428073294,0.390117035,0.065019506
kao,ch5_2,64.74432955,5.89341693,83.69905956,2.319749216,4646.650899,22.06896552,25.20376176,12.97805643,63.94984326,0.438871473,4.514106583,9.717868339,15.19047619,17.74110366,2.582948198,0.877742947,0.188087774
kao,ch5_3,74.49344164,6.82326622,82.71812081,1.225626741,4999.964586,23.71364653,24.27293065,12.30425056,64.31767338,0.559284116,3.523489933,9.563758389,20.08988764,16.13508443,2.969626947,0.503355705,0.055928412
kao,ch6_1,78.21127948,9.52669903,79.55097087,1.879927229,5539.224681,24.87864078,22.3907767,13.89563107,64.92718447,0.606796117,4.004854369,8.131067961,20.86075949,13.3998949,2.873199828,0.667475728,0.060679612
kao,ch6_2,72.84579833,7.49674055,82.98565841,1.041666667,4892.586328,19.10039113,25.35853977,15.31942634,63.68970013,0.977835724,3.455019557,13.49413299,13.69642857,20.9685729,2.494998362,0.456323338,0
kao,ch6_3,98.79053096,5.69491525,83.3220339,2.437373053,5175.066139,19.72881356,24.88135593,14.23728814,62.57627119,0.406779661,4,11.3220339,18.67088608,16.47791619,2.701668534,0.542372881,0
kao,ch7_1,69.59983868,6.96569921,81.79419525,0.577427822,5125.553602,23.6939314,25.38258575,11.55672823,65.11873351,0.73878628,3.166226913,9.762532982,12.46710526,20.04219409,2.384927997,0.73878628,0.158311346
kao,ch7_2,64.60843882,7.52792618,82.12724624,0.533721494,4607.468487,23.06945119,26.46915979,12.48178728,65.51724138,0.679941719,3.496843128,11.26760563,12.63190184,19.85208252,2.325954592,0.679941719,0
kao,ch7_3,70.1826682,6.35635636,83.83383383,1.5992004,4467.719401,19.05952976,28.31415708,14.75737869,64.7823912,0.750375188,2.901450725,13.6068034,12.18292683,21.49312377,2.392556298,0.450225113,0
kao,ch7_4,67.86915224,6.96928015,82.30169647,1.648351648,5043.734352,20.95369097,25.76799633,15.6350298,65.33700138,0.596056855,3.530490601,10.77487391,15.80434783,16.97754092,2.581599254,0.641907382,0.045850527
kao,ch7_5,83.0066613,6.24697337,84.98789346,0.531657806,4582.427686,20.3874092,28.13559322,11.13801453,62.76029056,0.387409201,3.486682809,12.49394673,13.76666667,19.0830721,2.315202813,1.210653753,0
kao,ch8_1,91.01954388,5.71886692,83.16408338,1.602564103,5190.867347,21.91341529,23.78407269,13.04115446,63.17477285,0.85515767,4.222340994,10.63602352,23.6835443,13.21892393,3.061216396,0.587920898,0.160342063
kao,ch8_2,74.19417026,6.9522036,85.22656735,0.931098696,4128.207472,21.60148976,24.08441962,13.28367474,62.25946617,0.806952204,3.662321539,11.48355059,17.32258065,14.94192186,2.617634577,0.372439479,0.124146493
kao,ch8_3,66.42683223,7.39589807,81.97638285,0.745341615,5262.510067,23.4928527,26.04101927,12.74083282,65.75512741,0.745804848,3.729024239,9.633312617,17.48913043,15.40483701,2.582845404,0.683654444,0.062150404
kao,ch9_1,74.99373337,6.88720174,83.78524946,1.625135428,4624.214327,21.7462039,26.62689805,13.34056399,64.42516269,0.650759219,3.470715835,10.90021692,14.752,17.49440716,2.574121804,0.596529284,0
kao,ch9_2,86.12947505,6.2290369,86.4877815,0.670819358,4185.578436,21.63714696,25.75394926,11.4887506,61.60842508,0.622307324,3.255146003,11.77596936,16.17829457,16.11736334,2.615848335,0.957395883,0.095739588
kao,ch9_3,82.25391688,6.28401781,84.3146957,1.878398418,4962.670539,21.37555666,23.99802078,12.66699654,61.70212766,1.237011381,4.403760515,10.88570015,22.45555556,14.29177269,2.951987898,0.395843642,0.197921821
lijc,ch1_1,73.26521516,5.75013068,83.16779927,1.097178683,5532.422629,25.30057501,21.43230528,12.2843701,64.76738108,1.463669629,5.122843701,8.468374281,21.49438202,13.43891403,2.947669967,0.209095661,0.261369577
lijc,ch1_2,70.63564971,5.28343423,82.77380297,1.097694841,5404.14294,21.17711771,24.20242024,12.26622662,62.48624862,1.155115512,3.740374037,11.33113311,15.52991453,19.77924945,2.619870581,0.440044004,0.330033003
lijc,ch1_3,77.61175517,5.32139094,84.14120126,0.57864282,5165.734558,22.53817799,25.32912059,13.90205371,65.98209584,1.000526593,3.896787783,12.164297,14.27067669,19.94938844,2.542783227,0.368615061,0.105318589
lijc,ch2_1,66.10739309,6.30891951,80.92820885,0.652173913,5572.482972,25.96084119,21.82741117,10.58738216,63.81435823,1.450326323,4.35097897,8.774474257,15.49438202,17.91666667,2.641630659,0.145032632,0
lijc,ch2_2,66.74655822,5.70175439,83.47953216,0.875912409,5058.199225,26.16959064,24.78070175,9.283625731,64.03508772,1.169590643,3.65497076,10.23391813,15.72413793,19.05325444,2.503844969,0.14619883,0.14619883
lijc,ch2_3,77.35339506,5.97826087,83.46273292,0.386398764,4956.058629,22.82608696,26.55279503,12.6552795,65.2173913,0.621118012,4.037267081,11.56832298,13.70212766,20.88452088,2.485191182,0.465838509,0.232919255
lijc,ch3_1,59.16590819,6.47442873,80.35908596,1.25,6473.713787,26.27856366,23.01414581,10.82698585,65.07072905,1.577801959,4.461371055,8.215451578,17.01851852,16.64399093,2.652699075,0.108813928,0.163220892
lijc,ch3_2,66.28466355,6.21761658,83.3621186,1.265822785,5516.456722,22.22222222,25.21588946,12.55037421,64.53655728,1.03626943,5.296488198,11.39896373,13.36153846,18.86968706,2.439022718,0.172711572,0.172711572
lijc,ch3_3,72.55995946,4.85744456,85.00527983,0.894736842,4767.4101,22.12249208,24.81520591,13.67476241,65.78669483,1.003167899,4.276663147,9.503695882,15.91596639,17.79513889,2.609662196,0.158394931,0.105596621
lijc,ch4_1,65.88849852,11.34204276,77.6128266,1.187648456,5417.728734,31.82897862,20.8432304,10.51068884,67.28028504,1.662707838,3.978622328,8.313539192,18.71111111,16.71612265,3.032069576,0.059382423,0.296912114
lijc,ch4_2,82.16330813,8.17455439,83.46650277,0.79705702,4264.975234,24.52366318,25.38414259,10.57160418,64.22864167,0.61462815,3.81069453,12.23110018,12.6124031,22.3759542,2.386792461,0.24585126,0.12292563
lijc,ch4_3,75.70396148,6.06965174,85.32338308,0.497017893,4603.373941,21.54228856,24.67661692,11.74129353,62.13930348,0.696517413,4.47761194,12.33830846,16.08,16.70120182,2.592644344,0.39800995,0.099502488
lijc,ch5_1,81.93822337,5.93772629,84.79362781,1.013024602,4614.982294,22.23026792,25.99565532,10.71687183,64.01158581,0.868935554,3.186097031,12.23750905,12.22123894,21.08571429,2.343476953,0.072411296,0.144822592
lijc,ch5_2,71.37725951,6.55870445,83.48178138,1.538461538,5063.10052,23.80566802,25.74898785,12.38866397,65.58704453,0.809716599,4.453441296,10.20242915,14.36046512,19.49152542,2.387857523,0.16194332,0.16194332
lijc,ch5_3,68.12832148,5.73025856,83.15863033,0.974930362,5145.779096,25.78616352,23.13067785,11.87980433,64.84975542,0.978336827,4.262753319,10.90146751,16.44827586,18.36851112,2.776540061,0.209643606,0
lijc,ch6_1,88.76406574,7.88690476,81.47321429,1.338289963,5474.644588,25.74404762,21.94940476,10.71428571,62.72321429,1.041666667,5.208333333,8.779761905,18.92957746,14.12140575,2.806726932,0.37202381,0.148809524
lijc,ch6_2,71.99316714,6.85142417,83.37182448,0.692307692,4683.461157,20.86220169,25.17321016,13.70284834,63.97228637,1.231716705,3.464203233,13.93379523,11.7027027,23.18154938,2.280594179,0.076982294,0.461893764
lijc,ch6_3,83.14987803,5.48829701,82.80871671,1.370967742,5490.453459,22.03389831,24.53591606,12.51008878,63.59967716,0.887812752,4.439063761,11.38014528,15.6835443,18.27176781,2.534664245,0.242130751,0.322841001
lijc,ch7_1,65.311429,6.82926829,81.46341463,0.424242424,5233.690445,24.81707317,25.42682927,10.48780488,66.40243902,0.792682927,3.841463415,9.329268293,11.46853147,21.79303767,2.316965718,0.670731707,0.12195122
lijc,ch7_2,64.26336881,6.81003584,82.19832736,0.53699284,4704.973718,24.01433692,26.34408602,12.48506571,66.24850657,1.314217443,3.225806452,11.9474313,11.625,22.9281768,2.29241193,0.119474313,0.119474313
lijc,ch7_3,69.27577615,7.07803993,82.75862069,1.086956522,4425.520182,20.08469449,28.43315185,13.55111918,65.27525711,1.028433152,2.96430732,13.85359952,10.80392157,23.9650414,2.251330372,0.483968542,0.060496068
lijc,ch7_4,69.60211386,5.85019136,81.95735375,0.819224468,5051.286295,21.76052488,25.97047567,14.32476763,66.5390924,0.929469656,3.171131766,11.31765992,12.79020979,19.49823944,2.396872436,0.382722799,0.164024057
lijc,ch7_5,77.13228552,5.10992276,83.95721925,0.534441805,4799.435817,21.44979204,28.28282828,10.27926322,63.99286988,0.713012478,3.505644682,13.07189542,11.22,21.611551,2.275283228,0.475341652,0.237670826
lijc,ch8_1,90.60158268,5.25265957,84.30851064,1.196013289,4949.183158,21.14361702,24.66755319,13.09840426,64.49468085,1.263297872,3.590425532,12.23404255,19.78947368,14.35079727,2.919181477,0.39893617,0.39893617
lijc,ch8_2,62.29935419,6.23591285,84.22238918,0.750750751,4317.099359,21.78812923,23.44102179,13.9744553,64.08715252,0.601051841,3.981968445,11.34485349,14.95505618,16.8125,2.532887627,0.15026296,0.22539444
lijc,ch8_3,65.48247954,6.83506686,82.46656761,0.445434298,5186.411483,24.14561664,26.59732541,12.92719168,67.23625557,0.742942051,3.863298663,10.54977712,14.31914894,17.87675412,2.347135283,0.44576523,0.074294205
lijc,ch9_1,74.93063813,6.5245478,84.49612403,0.774193548,4313.105736,22.40154939,28.21174952,12.58876695,66.42995481,0.83925113,3.421562298,12.13686249,13.00840336,19.29092805,2.440542868,0.258231117,0.129115558
lijc,ch9_2,82.20634548,7.36842105,84.32748538,0.754497969,4142.446338,22.31934732,26.34032634,10.78088578,62.17948718,0.757575758,4.079254079,12.995338,13.05343511,18.61018563,2.418799333,0.641025641,0.116550117
lijc,ch9_3,78.72501891,4.6638401,84.91823137,1.149425287,4970.534307,22.04724409,23.13749243,12.47728649,63.29497274,1.27195639,4.542701393,11.38703816,19.42352941,15.07201646,2.775497791,0.30284676,0.242277408
lijh,ch1_1,86.83284296,7.59493671,82.08373905,1.41187926,5012.873551,24.34274586,22.29795521,13.19376826,65.23855891,1.41187926,4.186952288,8.666017527,22.32608696,13.84228188,3.002448358,0.146056475,0.097370983
lijh,ch1_2,81.54956035,5.39979232,84.47559709,1.550387597,4431.302964,19.57424714,25.3894081,13.08411215,63.29179647,1.453790239,2.388369678,11.37071651,16.18487395,19.24528302,2.742887479,0.674974039,0
lijh,ch1_3,82.24599153,6.29335976,83.69672944,1.185185185,4787.383395,19.82160555,26.85827552,14.17244797,65.16352825,1.238850347,2.973240833,12.33894945,14.94814815,19.40894569,2.604388207,0.297324083,0.099108028
lijh,ch2_1,66.83278379,7.29303548,80.81471748,1.050558109,5371.929128,24.7043364,23.06176084,11.69513798,64.98028909,0.722733246,3.613666229,8.738501971,17.49425287,17.72972973,2.844517012,0.262812089,0.065703022
lijh,ch2_2,69.25717065,7.20598232,81.98504419,1.357773252,5031.841758,24.88103331,23.99728076,11.08089735,63.63018355,0.679809653,4.146838885,10.80897349,15.48421053,19.04237755,2.512437589,0,0.203942896
lijh,ch2_3,85.44548049,7.84167289,82.00149365,1.412639405,4918.002431,20.76176251,28.4540702,11.72516804,63.70425691,0.896191187,3.435399552,12.99477222,14.24468085,20.53412463,2.607835927,0.373412995,0.149365198
lijh,ch3_1,68.59794709,7.89341378,82.45349422,1.706827309,5123.578603,23.07692308,25.89240825,12.01608849,65.3092006,1.307189542,3.368526898,8.547008547,18.58878505,16.32309634,2.670739552,0.150829563,0.100553042
lijh,ch3_2,76.76158574,6.51361452,84.30325681,1.12,4851.910908,19.32728243,24.50613988,12.33315537,60.70475174,0.694073679,4.111051789,12.43993593,13.77205882,18.56521739,2.567425541,0.266951415,0.053390283
lijh,ch3_3,74.07099087,6.66666667,84.04761905,2.088277171,4428.635714,20.76190476,24.9047619,13.38095238,63.47619048,1,3.619047619,10.28571429,17.3553719,17.15976331,2.576198243,0.285714286,0.380952381
lijh,ch4_1,73.01068364,11.18995633,79.03930131,1.091703057,4788.977259,28.930131,20.96069869,11.02620087,64.57423581,1.528384279,3.711790393,9.006550218,19.91304348,16.07879066,3.051935462,0.163755459,0.327510917
lijh,ch4_2,80.62494109,7.52333882,85.00823723,1.041666667,3824.410333,22.1856123,26.7435475,11.31246568,64.1405821,0.549148819,3.185063152,12.13618891,13.79545455,21.711092,2.535563621,0.27457441,0.109829764
lijh,ch4_3,76.4358869,6.84676293,85.04890545,1.162790698,4338.6915,21.05263158,24.8719143,13.3209129,62.87843503,0.558919422,3.959012576,12.94829995,16.64341085,16.94390716,2.645847238,0.465766185,0.046576619
lijh,ch5_1,86.81803598,6.81818182,84.53079179,1.532846715,4126.763965,19.35483871,26.75953079,12.39002933,62.53665689,0.73313783,2.492668622,12.75659824,12.74766355,21.69919633,2.486724349,0.219941349,0.146627566
lijh,ch5_2,72.70900036,6.67111408,85.5903936,2.134756504,4232.020014,20.34689793,25.55036691,14.74316211,64.57638426,0.86724483,3.335557038,10.8072048,15.61458333,17.81798246,2.624386695,0.400266845,0.133422282
lijh,ch5_3,69.31820368,7.960199,81.28109453,1.725200246,5077.847297,22.63681592,24.12935323,13.12189055,64.30348259,0.870646766,3.482587065,10.01243781,17.86666667,17.74936061,2.827339665,0.310945274,0.186567164
lijh,ch6_1,96.07419809,9.36058009,81.34475939,1.64365549,4232.925818,23.7969677,22.41265656,13.18391562,63.61239288,0.988793672,4.152933421,8.437705999,19.7012987,13.70875995,2.895065853,0.329597891,0.197758734
lijh,ch6_2,74.4289822,8.02867384,84.30107527,1.141226819,3738.908028,19.06810036,26.37992832,13.97849462,64.01433692,1.290322581,2.867383513,13.47670251,13.03738318,22.11055276,2.508581151,0.358422939,0.143369176
lijh,ch6_3,92.08053879,6.55270655,83.9031339,2.132196162,4482.11128,18.58974359,25,14.03133903,62.53561254,0.854700855,3.632478632,11.03988604,17.55,16.87388988,2.761376037,0.427350427,0.142450142
lijh,ch7_1,71.09894154,8.48623853,81.76605505,1.251422071,4666.244987,23.22247706,26.60550459,11.69724771,66.22706422,0.630733945,3.096330275,10.37844037,12.28169014,21.47681225,2.330588534,0.516055046,0.229357798
lijh,ch7_2,72.04646306,7.36454498,82.48290373,1.048218029,4774.755821,22.19884271,26.35455024,12.30931089,64.07154129,1.052077854,3.208837454,11.57285639,12.58940397,21.28364389,2.343057243,0.315623356,0.105207785
lijh,ch7_3,77.45952827,7.20315138,83.28643782,1.458216489,4238.377198,18.62689927,27.40574001,14.91277434,64.60326393,1.181767023,2.476083286,14.46257738,11.84666667,23.37214317,2.400466487,0.619020822,0.11254924
lijh,ch7_4,75.77657869,7.54147813,82.4032177,1.305220884,4440.208265,19.85922574,25.7918552,14.73102061,64.55505279,0.804424334,3.418803419,11.36249372,14.20714286,18.61702128,2.632068952,0.452488688,0.150829563
lijh,ch7_5,83.04053636,6.03493912,84.54208576,0.580781415,4607.518873,20.09518773,28.82072977,10.89370703,63.61713379,0.423056584,3.120042306,12.58593337,12.59333333,20.6302521,2.370502125,0.846113168,0.264410365
lijh,ch8_1,94.91085595,5.63294973,84.85766202,1.938219261,4772.06611,19.80617807,23.98546336,14.05208964,63.29497274,1.211387038,4.058146578,11.44760751,21.16666667,14.41161223,3.00269265,0.30284676,0.181708056
lijh,ch8_2,68.41508948,6,85.85714286,1.213418986,3917.609422,20.35714286,26.14285714,13.64285714,63.28571429,0.928571429,3.571428571,11.71428571,15.55555556,16.71624033,2.64784441,0.357142857,0.214285714
lijh,ch8_3,85.01686271,7.09979906,83.65706631,0.870147256,4305.347513,21.36637642,26.25586068,12.59209645,64.23308774,0.669792364,3.482920295,11.25251172,15.88297872,17.37686774,2.575233689,0.535833891,0.133958473
lijh,ch9_1,94.09418283,6.17283951,85.89065256,1.348182884,3800.465539,21.09283196,27.90834313,12.5146886,64.62984724,0.881316099,2.996474736,13.16098707,14.05785124,18.9614102,2.555389229,0.352526439,0.235017626
lijh,ch9_2,87.12989771,7.33944954,86.34646519,0.803427959,3283.24636,21.12903226,25.96774194,11.1827957,61.66666667,0.806451613,3.494623656,13.70967742,14.14503817,18.15371025,2.583555081,0.698924731,0.053763441
lijh,ch9_3,88.94762545,5.44332211,85.63411897,1.791713326,4517.149555,20.37037037,25.08417508,13.41189675,63.58024691,1.122334456,4.152637486,10.99887767,21.73170732,14.77761836,3.093235997,0.336700337,0.168350168
su,ch1_1,92.73458949,8.03649001,79.40920938,2.12858384,6399.942844,23.15377932,23.37098175,12.07645526,63.20590791,0.955690704,3.953084275,8.210251955,28.07317073,13.84730539,3.298441385,0.304083406,0.13032146
su,ch1_2,83.36728108,7.19047619,82.38095238,1.42789148,5328.468958,20.33333333,24.57142857,12.9047619,62.04761905,0.80952381,3.380952381,9.619047619,17.5,19.60183767,2.752869268,0.857142857,0.142857143
su,ch1_3,80.34127792,6.36998255,82.32984293,1.611498258,5693.845294,20.98603839,25.08726003,12.82722513,62.43455497,0.916230366,3.577661431,10.86387435,16.97777778,19.01060071,2.674161202,0.523560209,0.043630017
su,ch2_1,79.79314485,7.10479574,79.45529899,1.301775148,6222.625876,25.69567792,21.07756069,8.999407934,61.33806986,0.828892836,4.026050918,6.512729426,18.76666667,17.81021898,2.912526321,0.592066311,0.059206631
su,ch2_2,70.93411044,9.33416304,79.2159303,1.865671642,5575.870968,24.01991288,23.02426882,9.334163037,59.9253267,1.244555072,4.418170504,9.894212819,16.56701031,18.71522509,2.608085023,0.684505289,0.124455507
su,ch2_3,86.55821197,7.05256154,82.03592814,1.458885942,5681.869005,20.89155023,26.48037259,11.44377911,61.61011311,0.598802395,3.925482369,12.8409847,15.49484536,20.18056293,2.543799065,0.931470393,0.066533599
su,ch3_1,68.98312616,8.64765409,80.22079117,1.746323529,6164.367069,24.1950322,23.41306348,11.36154554,63.29346826,1.287948482,4.047838086,7.911683533,20.12962963,16.54510557,2.81803456,0.367985281,0.13799448
su,ch3_2,82.1934501,7.76147657,82.01609087,1.798390913,5841.044125,21.43871273,24.70421202,11.87884524,62.04448651,0.662565073,3.97539044,11.02697586,15.20143885,18.605547,2.665207923,0.236630383,0.047326077
su,ch3_3,87.05517566,6.51340996,83.56747552,1.697792869,5138.040528,20.77479779,24.39335888,11.0259685,60.53639847,1.021711367,3.831417625,9.32311622,19.575,17.11362032,2.784882663,0.425713069,0.212856535
su,ch4_1,82.82926948,11.36831276,77.77777778,1.646090535,5665.381312,28.18930041,20.98765432,10.13374486,62.80864198,2.109053498,3.703703704,8.024691358,19.83673469,16.53069987,3.143571467,0.205761317,0.205761317
su,ch4_2,86.44193288,8.06451613,82.83038502,1.090909091,4791.419921,24.19354839,24.55775234,10.40582726,62.07075963,0.728407908,3.485952133,11.39438085,14.02919708,21.16488925,2.519092404,0.884495317,0.052029136
su,ch4_3,82.83993933,6.91466083,83.6761488,1.311762134,5154.45228,21.22538293,23.98249453,10.72210066,59.12472648,1.094091904,4.20131291,11.68490153,18.42741935,17.21014493,2.723723818,0.787746171,0.218818381
su,ch5_1,97.14629089,5.71040109,84.22841604,1.153324288,4990.791637,20.53025153,25.42488103,10.4010877,61.31883073,0.815771584,2.991162475,11.14887831,13.01769912,21.16827438,2.472248476,0.407885792,0
su,ch5_2,81.33416943,8.00492611,82.01970443,1.600985222,5536.543507,21.0591133,25.61576355,12.80788177,63.36206897,0.431034483,3.325123153,9.359605911,15.46666667,18.75937969,2.515352195,0.677339901,0.123152709
su,ch5_3,77.58187848,9.1018686,79.86738999,0.898203593,5648.958886,24.89451477,22.78481013,10.91018686,63.35141652,1.567209162,3.254972875,8.860759494,18.85227273,17.99307958,2.904719775,0.482218204,0
su,ch6_1,96.94148874,8.10979414,79.66313163,1.87032419,6088.498982,24.26699938,22.45789145,10.91703057,61.5720524,0.748596382,4.429195259,8.983156581,22.57746479,15.14028587,2.895299953,0.499064255,0.062383032
su,ch6_2,76.8510821,9.28571429,82.33766234,1.424870466,4302.616321,21.68831169,24.93506494,12.07792208,61.42857143,1.298701299,4.220779221,12.79220779,13.75,21.82741117,2.565781024,0.519480519,0.064935065
su,ch6_3,98.09472418,7.04874835,81.55467721,1.117685733,5751.208363,20.35573123,23.84716733,12.58234519,61.85770751,0.658761528,3.886693017,9.881422925,18.74074074,17.81266919,2.761959254,0.658761528,0.197628458
su,ch7_1,77.0838291,9.51621478,79.26634769,1.109350238,5478.359577,23.28548644,25.89048379,10.89845827,64.85911749,0.531632111,3.721424774,8.878256247,12.375,21.06588334,2.380824464,0.956937799,0
su,ch7_2,68.04360494,8.28837666,81.46150074,0.782396088,4942.108556,22.75625307,25.55174105,11.03482099,63.02108877,0.784698382,3.089749877,11.13290829,12.50920245,20.5687573,2.347693382,0.637567435,0
su,ch7_3,82.29312042,7.96045786,82.98647242,1.141670991,4483.169022,18.72074883,27.71710868,12.32449298,62.09048362,1.040041602,2.496099844,13.46853874,11.86419753,22.7181343,2.408994734,0.520020801,0.05200208
su,ch7_4,82.40957165,7.80600462,81.10854503,1.152604887,5148.614228,20.60046189,24.8960739,12.79445727,61.70900693,0.600461894,3.695150115,9.699769053,14.24342105,18.88347696,2.541604941,0.508083141,0.138568129
su,ch7_5,93.81133585,7.24563207,84.37821172,0.872242175,4195.147368,18.44809866,27.38951696,9.660842754,58.94141829,0.411099692,3.597122302,12.7954779,12.23899371,20.82994304,2.323815343,0.770811922,0
su,ch8_1,95.87,7.62663631,80.19351167,1.934015927,5876.088725,20.48947069,24.30278884,11.66761525,61.80990324,1.422879909,3.813318156,11.26920888,21.9625,14.41792499,3.018294719,0.227660785,0.170745589
su,ch8_2,77.72710249,7.57077024,83.73930217,0.789473684,4478.905983,21.26398947,22.31731402,12.24489796,59.77616853,0.987491771,4.147465438,11.1915734,16.15957447,16.67580911,2.616658414,0.460829493,0.131665569
su,ch8_3,81.4646929,6.98393078,82.32385661,0.37037037,5573.013289,22.80593325,25.52533993,11.99011125,63.72064277,0.618046972,3.831891224,9.208899876,16.51020408,17.65903308,2.654930259,0.741656366,0
su,ch9_1,85.90979591,6.27386798,84.233497,1.088731628,5032.17695,20.73104201,26.3502455,11.45662848,61.59301691,0.709219858,3.546099291,12.11129296,14.43307087,18.82196634,2.505685348,0.709219858,0.109110747
su,ch9_2,90.76885339,6.91268191,83.67983368,1.767151767,4984.425461,21.71428571,25.19480519,10.28571429,59.16883117,1.246753247,4.311688312,12.51948052,14.8,17.77777778,2.559787743,0.467532468,0
su,ch9_3,93.74966499,7.01938188,82.87061289,2.247778359,5390.929577,21.11052907,22.78679937,11.73389209,59.35044526,1.204819277,4.976427449,11.15767417,24.47435897,14.66249441,3.144682781,0.680984809,0.052383447
wang,ch1_1,74.10858223,5.92532468,83.88798701,0.930797248,5014.430975,23.41720779,22.4025974,14.8538961,66.03084416,1.217532468,4.13961039,7.589285714,43.22807018,12.21945137,3.940213211,0.121753247,0
wang,ch1_2,67.62687631,5.78871201,82.8750603,1.056168987,5390.890425,20.93584178,24.84322238,16.1119151,66.0395562,0.627110468,2.846116739,10.46792089,21.15306122,17.99841772,2.865011153,0.578871201,0.048239267
wang,ch1_3,68.67067591,5.39215686,83.42245989,0.795404331,5164.966557,22.27171492,25.70155902,14.96659243,66.50334076,0.846325167,3.429844098,11.13585746,23.13402062,17.89242591,2.979702168,0.311804009,0.08908686
wang,ch2_1,61.03995176,7.31117825,80,0.661853189,5690.412647,25.3776435,22.77945619,12.02416918,65.43806647,0.84592145,3.444108761,6.948640483,23.98550725,16.41414141,3.023282063,0.181268882,0
wang,ch2_2,59.40955732,7.95241077,81.08954289,0.81300813,5325.745578,25.53191489,23.9048811,11.95244055,65.45682103,1.251564456,2.941176471,7.947434293,22.18055556,17.08203531,2.886784011,0.375469337,0.062578223
wang,ch2_3,75.66192446,7.09504685,83.13253012,0.733333333,4713.492795,21.55287818,26.03748327,14.92637216,65.52878179,0.736278447,3.480589023,10.44176707,18.44444444,19.15584416,2.709510788,0.535475234,0.066934404
wang,ch3_1,52.77253895,7.05830776,80.71021482,1.006564551,6007.150472,24.5398773,23.26906223,14.11042945,66.43295355,1.270815074,3.505696757,7.581069238,26.83529412,15.04655493,3.094082451,0.175284838,0.043821209
wang,ch3_2,65.80568966,6.44705882,83.52941176,1.127289807,4973.549296,21.27058824,24.28235294,14.54117647,64.32941176,0.611764706,4.047058824,9.788235294,21.03960396,17.41158181,2.863282174,0.094117647,0.047058824
wang,ch3_3,62.25267621,6.18073316,83.63171355,1.019974501,4695.89323,21.31287298,24.46717818,16.15515772,65.98465473,0.682011935,3.921568627,8.866155158,24.18556701,16.36363636,2.971513752,0.21312873,0.085251492
wang,ch4_1,57.77017549,10.33816425,80.04830918,0.771828268,4726.557651,28.4057971,21.01449275,13.28502415,66.28019324,1.835748792,3.429951691,8.45410628,31.84615385,15.88785047,3.632383458,0.241545894,0.048309179
wang,ch4_2,78.66103128,7.10735586,83.59840954,0.545634921,4599.340289,22.35469449,25.03725782,12.51862891,63.73571783,0.546448087,3.576751118,11.22702434,18.12612613,20.15873016,2.72920697,0.596125186,0.049677099
wang,ch4_3,73.27346939,6.92899914,83.40461933,0.469483568,4919.893842,22.24123182,24.8075278,13.94354149,64.32848589,0.470487596,3.678357571,10.30795552,25.97777778,15.16690856,3.041773792,0.598802395,0.085543199
wang,ch5_1,68.02514335,6.81179775,82.93539326,0.838574423,5104.390354,21.91011236,26.33426966,14.25561798,67.06460674,0.561797753,2.808988764,10.60393258,14.98947368,20.1793722,2.577680327,0.280898876,0.140449438
wang,ch5_2,59.31046975,6.856084,82.58184064,1.543209877,5090.600133,22.11241507,25.44780729,15.81222977,66.89314392,0.802964793,3.767757875,8.770846201,19.74390244,17.35579377,2.760186519,0.49413218,0
wang,ch5_3,63.945,7.64403879,79.69195665,0.793650794,6024.445337,24.64346834,23.61665716,13.97604107,65.65887051,1.026811181,3.080433542,9.46948089,27.82539683,16.20458891,3.303231835,0.342270394,0.114090131
wang,ch6_1,82.73748497,8.76585928,80.39215686,1.435132032,5447.913401,24.50980392,22.20299885,14.01384083,64.35986159,0.807381776,4.440599769,8.535178777,34.68,13.77424167,3.606725546,0.346020761,0.115340254
wang,ch6_2,66.13475841,7.21311475,83.60655738,0.522875817,4350.210601,21.63934426,23.86885246,15.73770492,64.52459016,1.37704918,3.803278689,12,16.94444444,19.94750656,2.672866386,0.327868852,0.196721311
wang,ch6_3,86.03377164,5.67867036,81.23268698,0.828729282,5781.906021,21.93771626,25.25951557,14.04844291,65.12110727,0.761245675,3.114186851,10.31141869,24.47457627,16.48351648,2.879435694,0.138408304,0.069204152
wang,ch7_1,60.03581099,7.79082177,79.18890075,0.530222694,5840.061343,25.0266809,24.86659552,12.05976521,66.75560299,0.693703308,3.201707577,8.644610459,14.992,20.01707213,2.575714057,0.747065101,0
wang,ch7_2,57.6044549,7.31948566,82.83877349,0.590551181,4312.051761,22.40356083,26.45895153,14.78733927,67.11177052,1.088031652,2.818991098,10.18793274,16.30645161,19.0552442,2.467473091,0.642927794,0.197823937
wang,ch7_3,71.86137946,7.20954357,82.83195021,0.722767166,4728.643376,20.05181347,27.30569948,15.69948187,65.80310881,0.932642487,2.07253886,12.12435233,15.5483871,21.14519427,2.514409703,0.466321244,0
wang,ch7_4,64.26043775,6.90121786,81.86738836,0.674460432,4974.087209,21.42534957,24.49255751,16.19305368,65.49391069,0.721695986,3.112313938,9.382047812,19.44736842,17.79755284,2.861422703,0.451059991,0.045105999
wang,ch7_5,72.28057071,6.25625626,84.03403403,0.298507463,4680.118526,21.26063032,26.61330665,12.90645323,64.13206603,0.450225113,3.851925963,11.50575288,16.24390244,19.85559567,2.524548311,0.550275138,0.100050025
wang,ch8_1,81.04281141,6.14316239,81.99786325,0.853333333,5708.089926,21.63461538,22.64957265,14.36965812,64.42307692,0.908119658,4.006410256,10.68376068,35.32075472,14.04958678,3.548933032,0.480769231,0.106837607
wang,ch8_2,58.86372104,6.18955513,84.71953578,0.514138817,4270.714777,20.74742268,24.03350515,15.78608247,64.23969072,0.773195876,3.930412371,10.37371134,21.84507042,16.07142857,2.931774737,0.193298969,0.128865979
wang,ch8_3,55.0718635,9.88372093,81.07235142,0.451321728,4455.199283,23.70801034,26.5503876,14.92248062,68.99224806,0.581395349,2.777777778,8.656330749,21.8028169,17.13062099,2.829275213,0.645994832,0.129198966
wang,ch9_1,70.37446241,6.97419001,84.89840747,1.092896175,4267.217828,21.5815486,28.44590884,13.83855025,66.83141131,0.988467875,2.361339923,11.53212521,19.37234043,17.48980517,2.765541369,0.549148819,0.164744646
wang,ch9_2,84.2893184,7.11814137,85.07167573,0.444225074,3875.861629,21.90429206,25.16033547,12.62950173,62.90083868,0.690675876,3.354711396,12.18549581,18.90654206,17.09016393,2.872363163,0.641341885,0.049333991
wang,ch9_3,79.7088556,6.03403816,82.51676122,1.540041068,5471.86663,22.17637958,23.25941207,14.44043321,64.15678185,1.237751418,2.784940691,10.46931408,30.77777778,13.86050644,3.456964596,0.773594636,0
wu,ch1_1,114.164181,6.46853147,83.17307692,1.878549585,5348.247196,23.6013986,20.41083916,12.36888112,61.49475524,1.223776224,4.501748252,8.391608392,24.34042553,12.5382263,3.147397527,0.218531469,0.087412587
wu,ch1_2,82.26395011,4.67334287,85.31235098,1.235154394,4559.311156,18.40724845,24.17739628,13.30472103,60.75345732,1.192179304,3.481163567,10.77730091,16.13076923,18.0218921,2.66657115,0.715307582,0.190748689
wu,ch1_3,91.27471182,5.17399267,84.84432234,1.550387597,4795.845485,19.91758242,24.86263736,13.55311355,61.996337,0.961538462,3.571428571,12.63736264,15.4893617,18.44660194,2.628832248,0.641025641,0
wu,ch2_1,82.45685216,5.0951504,82.75015347,1.656441718,5564.202458,23.63413137,22.16083487,10.62001228,61.2645795,0.798035605,4.174340086,8.594229589,16.45454545,17.51898734,2.720143177,0.184162063,0
wu,ch2_2,81.15317654,6.97969543,82.80456853,1.077313054,4911.702592,22.58883249,22.90609137,10.21573604,59.70812183,1.205583756,3.680203046,10.65989848,16.24742268,17.83107404,2.591382961,0.697969543,0.126903553
wu,ch2_3,89.5099538,5.95802302,84.69871361,1.146325017,4413.051836,19.97291808,25.86323629,13.27014218,61.5436696,0.609343263,3.317535545,11.98375085,15.07142857,19.42171304,2.620184499,0.609343263,0.067704807
wu,ch3_1,68.11691374,7.40009867,80.90774544,2.020699852,6202.332445,23.03897385,24.17365565,11.79082388,63.49284657,1.33201776,3.601381352,8.83078441,18.42727273,15.82225914,2.699850136,0.197335964,0
wu,ch3_2,79.86193469,6.74723061,83.6858006,1.659959759,5215.926566,19.93957704,22.80966767,12.78952669,60.37260826,0.654582075,5.337361531,11.48036254,14.49635036,17.42203742,2.57215108,0.302114804,0.100704935
wu,ch3_3,87.47508273,5.22321429,86.38392857,0.934163701,4325.03674,20.22321429,22.23214286,13.52678571,60.75892857,0.892857143,4.196428571,9.821428571,17.92,16.19902731,2.654829098,0.178571429,0.178571429
wu,ch4_1,76.7783868,11.56936261,79.16443492,1.178361007,5028.678377,29.61971077,18.96089984,10.28387788,62.93519014,2.088912694,3.856454205,9.105516872,19.24742268,15.55857078,3.102298034,0.160685592,0.160685592
wu,ch4_2,87.30753893,7.26607423,84.94511239,0.938967136,3857.600902,22.42550967,23.78463147,11.29116571,61.52639833,0.209095661,3.659174072,12.23209618,13.66428571,20.39117769,2.447231241,0.575013068,0
wu,ch4_3,82.13535271,6.7834681,84.95058401,0.807174888,4630.272289,20.75471698,23.09074573,12.66846361,59.74842767,0.584007188,4.492362983,12.66846361,17.52755906,15.68181818,2.726646217,0.628930818,0.08984726
wu,ch5_1,84.14588713,5.99078341,84.33179724,0.855263158,4684.692577,20.14483213,25.21395655,12.83739302,62.60697828,0.855826201,3.554970375,12.04739961,12.45081967,20.09468701,2.436404613,0.394996708,0.131665569
wu,ch5_2,86.01864449,5.64853556,84.86750349,0.906555091,4517.405026,20.9902371,24.54672245,11.57601116,60.94839609,0.836820084,4.114365411,10.73919107,15.75824176,17.82234957,2.532048715,0.488145049,0.139470014
wu,ch5_3,88.44935056,7.03269587,81.49290561,1.22324159,5206.770405,23.93584207,22.70203578,10.42566317,61.25848242,0.925354719,3.578038248,9.870450339,17.81318681,16.82914315,2.800315007,0.308451573,0
wu,ch6_1,108.325094,9.14214152,81.71571697,1.4375,4786.322536,23.7946149,20.91421415,11.4589856,60.17532874,0.939261115,5.259862242,9.204758923,21.29333333,12.92257361,3.045606394,0.313087038,0
wu,ch6_2,80.72792211,6.97831978,83.67208672,1.012145749,4730.544792,18.90243902,24.05149051,14.63414634,61.38211382,1.151761518,3.79403794,13.95663957,12.83478261,21.28,2.568993808,0.203252033,0.067750678
wu,ch6_3,114.3851242,5.98761184,83.96421198,1.509951956,4467.308931,18.30695114,22.98692361,13.97109429,59.669649,0.963523744,4.198210599,10.80523056,17.9382716,16.35002879,2.768100969,0.412938747,0.068823125
wu,ch7_1,77.30933654,6.75082327,82.87596048,0.980392157,5160.976457,22.88693743,24.8079034,9.989023052,61.90998902,0.658616905,3.732162459,10.48298573,11.90849673,20.7826087,2.415758144,0.713501647,0.054884742
wu,ch7_2,73.88925554,6.62318113,83.8936277,1.050525263,4162.591617,20.82288008,25.08780733,11.89162067,61.3146011,1.003512293,4.114400401,12.29302559,12.69426752,20.18422107,2.36592234,0.551931761,0
wu,ch7_3,81.27936857,6.80944536,83.74519495,1.258894362,4451.907484,19.00054915,26.1394838,14.55244371,62.76771005,0.988467875,3.13014827,14.33278418,11.24074074,22.57653061,2.358657743,0.549148819,0
wu,ch7_4,75.00750402,6.84210526,82.44019139,1.338432122,4863.510529,20.19138756,24.49760766,14.49760766,62.8708134,0.765550239,3.540669856,10.57416268,14.02684564,18.10344828,2.511686138,0.526315789,0.04784689
wu,ch7_5,89.78871259,6.36877247,85.15665126,0.460122699,4017.537027,19.41448382,26.45095018,10.88854648,60.60606061,0.564971751,4.006163328,13.30251669,12.32278481,19.97533909,2.368962294,0.61633282,0
wu,ch8_1,101.9428259,4.21052632,85.0877193,1.403508772,5125.699634,19.18128655,23.2748538,13.68421053,60.99415205,1.34502924,4.619883041,11.98830409,21.11111111,13.37386018,2.949001338,0.526315789,0.175438596
wu,ch8_2,85.02918822,6.15696888,85.58863329,1.080351114,3838.084355,20.1623816,23.68064953,12.65223275,60.0811908,0.879566982,3.653585927,12.44925575,15.39583333,15.54285714,2.589764106,0.202976996,0.067658999
wu,ch8_3,85.61961888,6.30914826,83.65930599,0.693568726,4796.927946,21.51419558,24.7318612,13.18611987,63.47003155,0.630914826,4.03785489,10.09463722,17.22826087,15.95970308,2.561171492,0.378548896,0
wu,ch9_1,88.82748871,5.83153348,86.33909287,1.075268817,4082.674312,19.97840173,26.40388769,13.22894168,62.58099352,0.485961123,3.18574514,12.20302376,15.43333333,17.32142857,2.590821085,0.593952484,0.161987041
wu,ch9_2,99.74618719,6.32780083,87.44813278,0.931677019,3377.057586,19.91701245,24.89626556,11.82572614,59.75103734,0.726141079,4.408713693,12.86307054,14.60606061,16.71706263,2.494032276,0.881742739,0.05186722
wu,ch9_3,102.1564274,6.12460401,84.58289335,1.473684211,4677.407762,20.74973601,22.01689546,12.56599789,59.55649419,1.21436114,4.118268215,10.77085533,24.28205128,13.71298405,3.139139005,0.475184794,0.105596621
yao,ch1_1,88.17268357,7.58831225,81.11644134,2.398604448,6100.9311,23.94243349,22.11077191,12.08024422,63.32315744,1.221107719,4.622764937,8.198866114,20.84545455,13.69966127,3.062566895,0.26166594,0.30527693
yao,ch1_2,78.78594308,5.17814727,83.80047506,1.37505927,4711.877255,19.71496437,24.32304038,12.35154394,61.47268409,0.855106888,3.277909739,11.06888361,16.06870229,18.88246628,2.66114195,0.617577197,0.237529691
yao,ch1_3,86.8104104,5.29891304,84.82789855,1.129177958,4959.693448,20.42572464,24.86413043,12.63586957,62.00181159,0.951086957,3.759057971,12.31884058,14.72,18.6440678,2.621128101,0.498188406,0.09057971
yao,ch2_1,79.98004411,7.20338983,80.99273608,1.270417423,5628.645793,23.36561743,21.79176755,10.89588378,60.7748184,0.786924939,4.176755448,8.777239709,16.03883495,17.56487026,2.744071555,0.544794189,0.060532688
yao,ch2_2,79.25584616,7.14285714,82.98136646,0.992555831,5151.305686,23.54037267,23.04347826,10.0621118,60.2484472,0.869565217,4.472049689,9.751552795,15.63106796,18.43971631,2.549541751,0.49689441,0.062111801
yao,ch2_3,85.30201738,5.60747664,84.91321762,0.664893617,4629.163366,20.22696929,25.9012016,12.81708945,61.41522029,0.734312417,3.805073431,12.41655541,14.13207547,19.63519313,2.513576435,0.867823765,0
yao,ch3_1,70.52477085,7.77934936,80.90523338,1.883239171,6255.77454,23.52663838,24.6581801,10.51390853,62.51768034,1.508722301,4.667609618,8.628005658,17.10483871,15.86671956,2.723242315,0.23573786,0
yao,ch3_2,82.28445246,6.76399027,83.40632603,1.89688716,5340.741649,20.4379562,24.81751825,11.63017032,60.82725061,0.778588808,5.644768856,11.38686131,13.88513514,17.86570743,2.565307683,0.243309002,0.097323601
yao,ch3_3,78.68563515,6.01436266,84.73967684,1.476510067,4714.313754,20.46678636,23.78815081,12.52244165,61.8491921,0.942549372,4.757630162,10.09874327,16.5037037,16.36636637,2.601188435,0.26929982,0.224416517
yao,ch4_1,74.64513592,10.71428571,79.10447761,1.439232409,5297.614328,29.05117271,19.98933902,9.701492537,62.68656716,2.078891258,4.424307036,8.795309168,19.14285714,16.1376844,3.183163433,0.106609808,0.106609808
yao,ch4_2,96.55483346,7.19537815,84.50630252,0.943396226,4265.5382,22.4789916,24.52731092,9.978991597,60.24159664,0.262605042,3.781512605,12.92016807,13.69784173,20.83160083,2.441994272,0.630252101,0
yao,ch4_3,87.51464608,6.06198724,84.36645397,1.363636364,4803.428433,20.73837739,23.47310848,11.12123974,58.52324521,0.683682771,4.968094804,12.62534184,15.34265734,15.90647758,2.626304255,0.729261623,0.182315406
yao,ch5_1,84.15224913,5.76798445,84.83473752,1.16354234,4457.746217,20.15554115,26.31237848,11.79520415,61.82760855,0.777705768,3.694102398,11.98963059,13.07627119,20.09321595,2.527481364,0.453661698,0.129617628
yao,ch5_2,79.53179199,6.03566529,84.0877915,1.371742112,4643.208759,21.05624143,24.21124829,12.07133059,61.11111111,0.960219479,3.840877915,10.76817558,15.5106383,18.31932773,2.603782807,0.480109739,0.137174211
yao,ch5_3,90.76374155,7.02280912,81.272509,1.488095238,5408.939961,23.34933974,23.1092437,10.32412965,61.40456182,1.020408163,3.541416567,9.723889556,18.51111111,16.74162919,2.752332928,0.300120048,0
yao,ch6_1,101.7029866,8.76865672,80.59701493,2.296710118,5284.377641,23.25870647,22.45024876,11.38059701,60.50995025,1.05721393,4.912935323,9.141791045,20.88311688,13.40872375,2.921045425,0.373134328,0
yao,ch6_2,77.86960514,6.61322645,84.36873747,1.130319149,4533.681688,19.4259012,24.83311081,13.88518024,61.48197597,1.068090788,3.805073431,13.81842457,12.90517241,21.08592514,2.524048019,0.200267023,0.066755674
yao,ch6_3,105.5094989,6.26290434,84.23950447,1.990391215,4636.985316,17.61871989,23.95044735,12.80110117,59.25671025,1.032346869,4.129387474,11.42463868,17.5060241,16.87643021,2.71258197,0.481761872,0.068823125
yao,ch7_1,77.89850436,7.33153639,81.45552561,1.178361007,5215.57708,22.91105121,25.1212938,9.811320755,61.77897574,0.539083558,3.989218329,10.35040431,11.81528662,20.5227078,2.390877155,0.754716981,0.053908356
yao,ch7_2,73.61028644,6.70670671,83.18318318,0.998003992,4306.898605,21.72172172,25.37537538,12.06206206,62.31231231,1.101101101,4.104104104,11.91191191,12.25766871,20.14388489,2.368325626,0.550550551,0.05005005
yao,ch7_3,80.12945452,6.80087051,83.40587595,1.409978308,4515.087566,19.04243743,26.6594124,13.76496192,62.45919478,1.088139282,3.210010881,14.36343852,11.41614907,22.54530131,2.352352559,0.489662677,0
yao,ch7_4,73.47110237,6.86412788,82.04043253,1.548568747,4932.354366,20.59238364,24.30653503,14.66854725,63.04654443,0.799247767,3.526093089,10.20216267,14.18,17.97146163,2.517866212,0.564174894,0.141043724
yao,ch7_5,89.66454015,5.99496222,85.39042821,0.452261307,4103.177385,19.6878147,26.33434038,11.02719033,60.97683787,0.503524673,4.179254783,12.94058409,12.72435897,19.86273718,2.379586396,0.654582075,0
yao,ch8_1,96.17683218,4.33558559,84.62837838,1.689189189,5116.453208,20.27027027,22.91666667,13.06306306,60.81081081,1.463963964,4.842342342,11.37387387,21.65853659,13.57664234,2.950041322,0.506756757,0.281531532
yao,ch8_2,80.46379587,6.42570281,84.60508701,1.469605878,4101.983548,19.47791165,24.02945114,12.78447122,60.10709505,0.870147256,3.74832664,12.4497992,15.5625,15.97300337,2.607157649,0.267737617,0.066934404
yao,ch8_3,79.01911994,6.50306748,83.37423313,0.796568627,4921.620735,21.76578786,25.44451257,12.75291232,63.88718578,0.79705702,4.353157572,9.871244635,16.63265306,16.15226337,2.589099054,0.490496628,0
yao,ch9_1,92.07144168,5.60597971,85.5846236,1.48856991,4582.248303,19.96796583,26.3214095,13.13400961,62.57341164,0.587293113,3.41697811,12.49332621,14.86507937,17.48898678,2.563286755,0.587293113,0.160170849
yao,ch9_2,95.17188765,6.34517766,86.39593909,1.012145749,3813.43252,20.81218274,24.67005076,11.11675127,59.59390863,0.76142132,4.467005076,12.74111675,14.92424242,16.73710904,2.585379392,0.913705584,0.050761421
yao,ch9_3,94.42519215,6.18875709,84.37338834,1.850899743,4809.118197,20.0103146,22.48581743,12.27436823,59.46364105,1.34089737,4.38370294,10.98504384,23.9382716,14.05141844,3.130727091,0.515729758,0.206291903
