section_id,sentence_id,sentiment
1,1,-0.093831486
1,2,-0.147087101
1,3,0.259807621
1,4,0.382559293
1,5,-0.274241378
1,6,0.205302515
1,7,0.38890873
1,8,-0.008574929
1,9,-0.058925565
1,10,-0.398042083
1,11,-0.017179114
1,12,0.048112522
1,13,0.37032804
1,14,0.100623059
1,15,0.47595405
1,16,-0.484138662
1,17,0.412310563
1,18,0.397359707
1,19,0.505529767
1,20,-0.028867513
1,21,0.141421356
1,22,0.212132034
1,23,-0.204264872
1,24,-0.11226828
1,25,0.581753814
1,26,-0.176776695
1,27,0.208309522
1,28,-0.239791576
1,29,0
1,30,-0.288675135
1,31,0
1,32,0.237170825
1,33,0.2
1,34,0.226133508
1,35,0.65
1,36,0.324
1,37,0.640358902
1,38,0.051961524
1,39,-0.095940322
1,40,-0.067357531
1,41,0.612825877
1,42,-0.223860752
1,43,0.292922467
1,44,0.09258201
1,45,-0.652876331
1,46,-0.261938475
1,47,0.097359765
1,48,0
1,49,0.421696931
1,50,0
1,51,0.229415734
1,52,-0.467342584
1,53,0.407709489
1,54,0
1,55,-0.208012574
1,56,0.599000904
1,57,0.058542914
1,58,0.094280904
1,59,0
1,60,0.084329938
1,61,-0.218595725
1,62,0
1,63,0.257147817
1,64,0.171428571
1,65,0.080064077
1,66,0.424264069
1,67,0.057353933
1,68,-0.03354102
1,69,0.194855716
1,70,-0.135680105
1,71,-0.167829278
1,72,0.137281295
1,73,0.176504522
1,74,-0.304138127
1,75,0.037947332
1,76,0.138675049
1,77,-0.138873015
1,78,0
1,79,0.265165043
1,80,0
2,1,0.323197342
2,2,0.225992759
2,3,3.96508223080413e-18
2,4,0.117669681
2,5,0.075592895
2,6,-0.166698715
2,7,-0.164398987
2,8,-0.079056942
2,9,-0.077174363
2,10,-0.00522233
2,11,0.224811032
2,12,0
2,13,0.402777519
2,14,0
2,15,-0.06681531
2,16,-0.057150057
2,17,0.04
2,18,0.152542554
2,19,0.121267813
2,20,0.047245559
2,21,0.67909975
2,22,0.066143783
2,23,-0.5
2,24,0
2,25,-0.223606798
2,26,-0.22
2,27,0.353553391
2,28,0
2,29,0
2,30,0.18973666
2,31,0.288675135
2,32,0
2,33,0
2,34,0
2,35,0
2,36,0.326598632
2,37,-0.091766294
2,38,0
2,39,0
2,40,0
2,41,0
2,42,0
2,43,-0.288675135
2,44,0
2,45,0
2,46,0.096225045
2,47,-0.553398591
2,48,-0.377964473
2,49,-0.057353933
2,50,0.39223227
2,51,-0.363803438
2,52,0.1940285
2,53,-0.094280904
2,54,-0.163299316
2,55,0
2,56,0
2,57,0
2,58,-0.288675135
2,59,0.447213595
2,60,0.245145169
2,61,0.301869177
2,62,0
2,63,-0.176776695
2,64,0
2,65,0
2,66,0
2,67,-0.282842712
2,68,0
2,69,0.125
2,70,0.15
2,71,0
2,72,-0.433012702
2,73,0
2,74,0
2,75,0
2,76,-0.25819889
2,77,-0.267261242
2,78,-0.223606798
2,79,0.4
2,80,0
2,81,-0.166666667
2,82,0.103279556
2,83,0
2,84,-0.670820393
2,85,-0.083333333
2,86,-0.377964473
2,87,0
2,88,0.063900965
2,89,0
2,90,-0.115079291
2,91,0.283683257
2,92,-0.140712473
2,93,-0.471621109
2,94,0.162045304
2,95,-0.151185789
2,96,-0.136426289
2,97,-0.530330086
2,98,-0.583333333
2,99,0
2,100,0
2,101,0.316586912
2,102,-0.1940285
2,103,0.151185789
2,104,0.375277675
2,105,0
2,106,0.09701425
2,107,0.229809704
2,108,-0.054554473
2,109,-0.31116381
2,110,0
2,111,0.303980009
2,112,0.282842712
2,113,0
2,114,-0.104257207
2,115,-0.14596009
2,116,0.333333333
2,117,0
2,118,0
2,119,0
2,120,0.226778684
2,121,-0.411843884
2,122,0.8
2,123,-0.284018779
2,124,0.49377072
3,1,-0.081649658
3,2,0.084887469
3,3,0.25
3,4,-0.075377836
3,5,0
3,6,-0.395284708
3,7,-0.288675135
3,8,-0.035355339
3,9,0.205395959
3,10,-0.060633906
3,11,-0.433012702
3,12,0
3,13,-0.25
3,14,-0.126178654
3,15,0.2625
3,16,0.120604538
3,17,-0.282842712
3,18,0
3,19,0
3,20,0.461880215
3,21,0
3,22,-0.447213595
3,23,0
3,24,0
3,25,0.120604538
3,26,0
3,27,-0.230940108
3,28,-0.577350269
3,29,-0.317542648
3,30,0
3,31,0.111417203
3,32,-0.4
3,33,-0.223606798
3,34,-0.02
3,35,0.213200716
3,36,0.150755672
3,37,0.153093109
3,38,-0.215727749
3,39,-0.369897721
3,40,-0.598478975
3,41,0
3,42,-0.2
3,43,0.093338095
3,44,-0.360802677
3,45,0.208514414
3,46,-0.58630197
3,47,-0.048241815
3,48,0
3,49,0
3,50,0.204124145
3,51,0
3,52,0
3,53,-0.080178373
3,54,0.244948974
3,55,-0.042640143
3,56,0
3,57,0.565685425
3,58,0
3,59,0
3,60,0.223606798
3,61,0
3,62,0
3,63,0.213808994
3,64,0.02941742
3,65,0
3,66,0.516666667
3,67,0.053300179
3,68,-0.040089186
3,69,0.510252039
3,70,0
3,71,0.070710678
3,72,0.75
3,73,-0.312771621
3,74,-0.312771621
3,75,0.040032038
3,76,0.302371578
3,77,-0.042874646
3,78,0.160579308
3,79,0.25819889
3,80,-0.45
3,81,-0.129099445
3,82,0
3,83,0.25
3,84,0
3,85,0.13151919
3,86,-0.540089278
3,87,0.335410197
3,88,0
3,89,0
3,90,0
3,91,0.375
3,92,0
3,93,0.204124145
3,94,0.212132034
3,95,0
3,96,-0.256326208
3,97,0
3,98,0.166666667
3,99,0
3,100,0
3,101,-0.433012702
3,102,0
3,103,0.079056942
3,104,0
3,105,0
3,106,0.407040315
3,107,0
3,108,0.357770876
3,109,0.577350269
3,110,0
3,111,0.377964473
3,112,0.3075
3,113,-0.230940108
3,114,0
3,115,0
3,116,0
3,117,0.357770876
3,118,0.026186147
3,119,0
3,120,0.176776695
3,121,-0.083333333
3,122,0.25
3,123,0.18973666
3,124,0.849705831
3,125,0.244948974
3,126,-0.565685425
3,127,-0.288675135
3,128,0.121267813
3,129,0
3,130,-0.348568501
3,131,-0.121267813
3,132,2.17732648730911e-17
3,133,0.125108648
3,134,0.006735199
3,135,0.221880078
3,136,-0.277350098
3,137,0.208514414
3,138,0.040824829
3,139,0.025724788
3,140,0.081649658
3,141,0.445896321
3,142,0
3,143,-0.106904497
3,144,-0.258023423
3,145,0
3,146,-0.557480233
4,1,-0.081110711
4,2,-0.035007002
4,3,-0.655913273
4,4,-0.19245009
4,5,0
4,6,0
4,7,0.075377836
4,8,-0.235675321
4,9,-0.182781539
4,10,-0.141841629
4,11,-0.293176365
4,12,-0.118392004
4,13,0
4,14,-0.096225045
4,15,-0.048507125
4,16,-0.016439899
4,17,0
4,18,0
4,19,0.111803399
4,20,0.213808994
4,21,0.081649658
4,22,-0.166353628
4,23,-0.074278135
4,24,0
4,25,0
4,26,0
4,27,-0.091855865
4,28,-0.106748999
4,29,-0.09486833
4,30,0.064549722
4,31,0
4,32,0
4,33,-0.102062073
4,34,0
4,35,0.079056942
4,36,0.335410197
4,37,-0.306186218
4,38,0.1940285
4,39,0.377964473
4,40,-0.213808994
4,41,-0.08
4,42,0
4,43,-0.360942662
4,44,-0.091855865
4,45,0
4,46,0.111803399
4,47,-0.250185117
4,48,0
4,49,0
4,50,0.565685425
4,51,0.120604538
4,52,0
4,53,0
4,54,0.117669681
4,55,-0.360843918
4,56,-0.75
4,57,0.283473355
4,58,0.5
4,59,0
4,60,0.241209076
4,61,0.088388348
4,62,-0.031378582
4,63,0
4,64,0.302371578
4,65,-0.107763181
4,66,0.205548048
4,67,0.009375
4,68,0.150755672
4,69,0
4,70,0.204124145
4,71,-0.303169531
4,72,-0.460817688
4,73,0.25
4,74,0.241209076
4,75,0
4,76,0.204124145
4,77,-0.0625
4,78,-0.106600358
4,79,0.102062073
4,80,-0.193649167
4,81,0
4,82,0
4,83,0
4,84,0
4,85,0.395284708
4,86,0.618718434
4,87,0
4,88,0
4,89,0.447213595
4,90,0
4,91,0.008451543
4,92,0.094491118
4,93,0
4,94,0
4,95,0.125
4,96,-0.40824829
4,97,0.346410162
4,98,0
5,1,0.034299717
5,2,-0.079056942
5,3,0.40824829
5,4,-0.226133508
5,5,0
5,6,0
5,7,0
5,8,0.389711432
5,9,0.306412939
5,10,0
5,11,-0.010660036
5,12,0
5,13,0
5,14,0.305505046
5,15,-0.178443563
5,16,-0.125
5,17,0.274562589
5,18,-0.19245009
5,19,-0.212132034
5,20,-0.171791138
5,21,0
5,22,0.182145775
5,23,0
5,24,-0.324037035
5,25,0
5,26,0.2
5,27,-0.190159707
5,28,-0.111803399
5,29,-0.104257207
5,30,0.163299316
5,31,-0.180906807
5,32,0.492092646
5,33,0.016439899
5,34,-0.353553391
5,35,0.053300179
5,36,0
5,37,0
5,38,0.375
5,39,-0.291998558
5,40,-0.245967478
5,41,0.244948974
5,42,0
5,43,0
5,44,0
5,45,0
5,46,0
5,47,0.376889181
5,48,-0.376889181
5,49,-0.265165043
5,50,-0.467707173
5,51,0.371160904
5,52,0
5,53,0.336787657
5,54,-0.05
5,55,0
5,56,0.158113883
5,57,0
5,58,-0.316227766
5,59,0
5,60,0.094280904
5,61,0
5,62,0
5,63,0.094491118
5,64,-0.208012574
5,65,0
5,66,0
5,67,-0.075592895
5,68,0.1
5,69,0.144337567
5,70,-0.178885438
5,71,0
5,72,0
5,73,-0.282842712
5,74,0
5,75,0
5,76,0
5,77,0
5,78,0
5,79,0
5,80,0
5,81,0
5,82,0
5,83,0
5,84,0.230940108
5,85,0.226778684
5,86,0
5,87,0
5,88,-0.25
5,89,-0.25
5,90,-0.181306436
5,91,0.348568501
5,92,0
5,93,0.047140452
5,94,0
5,95,0
5,96,-0.346410162
5,97,0
5,98,0.18973666
5,99,0
5,100,0.166666667
6,1,0
6,2,0
6,3,0
6,4,0
6,5,0
6,6,-0.05
6,7,-0.223606798
6,8,-0.102062073
6,9,-0.451848057
6,10,0
6,11,0
6,12,0
6,13,0.333333333
6,14,-0.048507125
6,15,0
6,16,0
6,17,0.223606798
6,18,0
6,19,0
6,20,0
6,21,0
6,22,0
6,23,0
6,24,0
6,25,0
6,26,0
6,27,-0.226133508
6,28,-0.204124145
6,29,0.161644772
6,30,-0.05
6,31,0
6,32,0
6,33,0
6,34,0
6,35,0.160277537
6,36,0
6,37,0.302371578
6,38,0
6,39,0
6,40,-0.282842712
6,41,0.25
6,42,0
6,43,0.388290137
6,44,-0.232379001
6,45,-0.237170825
6,46,-0.433012702
6,47,-0.808290377
6,48,-0.283473355
6,49,0.038729833
6,50,-0.288675135
6,51,0
6,52,-0.047434165
6,53,0.01767767
6,54,0.094491118
6,55,0
6,56,0
6,57,0
6,58,-0.229415734
6,59,0
6,60,0
6,61,0.353553391
6,62,0.098058068
6,63,0.229415734
6,64,-0.333821416
6,65,0.084515425
6,66,0.322748612
6,67,0.104257207
6,68,0
6,69,0.206559112
6,70,-0.233193293
6,71,-0.120833333
6,72,0.153093109
6,73,0
6,74,0.213808994
6,75,-0.11785113
6,76,0
6,77,0
6,78,0.067253825
6,79,0.11785113
6,80,0.145521375
6,81,0.159900537
6,82,-0.153093109
6,83,-0.213200716
6,84,-0.153093109
6,85,0.230940108
6,86,0
6,87,0
6,88,0
6,89,0
6,90,0
6,91,0
6,92,0.064549722
6,93,-1.21
6,94,-0.106904497
6,95,-0.182264475
6,96,0
6,97,0
6,98,-0.213808994
6,99,0
6,100,0
6,101,0.079056942
6,102,0.1875
6,103,0.724784451
6,107,0.1
6,108,0
6,111,-0.75
6,114,0
6,117,0
6,121,-0.163582576
7,1,0.180906807
7,2,0.021821789
7,3,0.052174919
7,4,0.080064077
7,5,0.297112541
7,6,0.141421356
7,7,0
7,8,0.151536574
7,9,-0.19245009
7,10,-0.369986486
7,11,0
7,12,0.243588147
7,13,0.18844459
7,14,0.328633535
7,15,0.606767391
7,16,1.104130674
7,17,-0.104446594
7,18,-0.128623939
7,19,0
7,20,0
7,21,0
7,22,-0.1720618
7,23,0.215727749
7,24,0
7,25,0
7,26,-0.008006408
7,27,0
7,28,0.044901326
7,29,0.049193496
7,30,0.424264069
7,31,0
7,32,0.254034118
7,33,0.014940358
7,34,-0.15893245
7,35,0.02
7,36,0
7,37,0
7,38,-0.159099026
7,39,0
7,40,0.24688536
7,41,0
7,42,-0.577350269
7,43,0
7,44,0
7,45,-0.25
7,46,0
7,47,0.202776776
7,48,0.436564125
7,49,0
7,50,0
7,51,0
7,52,0.129636243
7,53,0.158113883
7,54,0
7,55,0.204124145
7,56,-0.069337525
7,57,0.13151919
7,58,0
7,59,0
7,60,0
7,61,0
7,62,0
7,63,0
7,64,0.606339063
7,65,0.188982237
7,66,0
7,67,0
7,68,0
7,69,0
7,70,-0.158113883
7,71,0.188982237
7,72,0.333333333
7,73,-0.196396101
7,74,0
7,75,0.33823773
7,76,-0.111803399
7,77,0.389711432
7,78,0
7,79,-0.204124145
7,80,0
7,81,0
7,82,0
7,83,0.158839542
7,84,-0.033333333
7,85,-0.064051262
7,86,-0.080064077
7,87,-0.277350098
7,88,0.340168026
7,89,-0.19245009
7,90,-0.441941738
7,91,-0.166410059
7,92,-0.25
7,93,0.2469748
7,94,-0.191702895
7,95,0.213808994
7,96,0
7,97,-0.692820323
7,98,0
7,99,0
7,100,0
7,101,0.237170825
7,102,0
7,103,0
7,104,0
7,105,0
7,106,0
7,107,0.441941738
7,108,0
7,109,0
7,110,0
8,1,0.114707867
8,2,0
8,3,0
8,4,0
8,5,-0.461880215
8,6,0
8,7,0.433012702
8,8,0
8,9,0
8,10,-0.05
8,11,0
8,12,0.2
8,13,-0.307920144
8,14,0
8,15,-0.282842712
8,16,0
8,17,0
8,18,0
8,19,0.353553391
8,20,0
8,21,0
8,22,0
8,23,0
8,24,-0.196396101
8,25,0
8,26,0
8,27,0
8,28,0
8,29,0
8,30,0
8,31,0
8,32,-0.316227766
8,33,0.158943883
8,34,0.530722778
8,35,0.052128604
8,36,0.296928723
8,37,0.109544512
8,38,-0.027386128
8,39,0
8,40,-0.132287566
8,41,0.335410197
8,42,0.213200716
8,43,0.166410059
8,44,0.680336051
8,45,-0.166666667
8,46,0.565685425
8,47,-0.176776695
8,48,0
8,49,0
8,50,0
8,51,0
8,52,0
8,53,0
8,54,0
8,55,0.204124145
8,56,0.188561808
8,57,0
8,58,0
8,59,1.018233765
8,60,0.302371578
8,61,-0.226778684
8,62,0
8,63,-0.343203236
8,64,0.138675049
8,65,0
8,66,0
8,67,0
8,68,0.111803399
8,69,0
8,70,0.212132034
8,71,0.544268841
8,72,0.39223227
8,73,0.17
8,74,0.416619045
8,75,0.062861856
8,76,0.504714615
8,77,0.11
8,78,0.093541435
8,79,0
8,80,-0.530330086
8,81,0
8,82,0.225
8,83,-0.254662406
8,84,0
8,85,-0.282842712
8,86,0
8,87,0
8,88,0
8,89,0
8,90,0.216506351
8,91,0.252982213
8,92,-0.242535625
8,93,0
8,94,0
8,95,0
8,96,0.102062073
8,97,0.14
8,98,0
8,99,-0.240562612
8,100,-0.121267813
8,101,0.223606798
8,102,0.288675135
8,103,0
8,104,0.091855865
8,105,-0.447213595
8,106,0.404421986
8,107,0.245373864
8,108,0.55
8,109,0.461880215
8,110,-0.014285714
8,111,0.319801075
8,112,-0.283473355
8,113,0.612753349
8,114,0.180218256
8,115,0.125
8,116,0.151185789
8,117,-0.707106781
8,118,0
8,119,0.006681531
8,120,0
8,121,0.3
8,122,0.565685425
8,123,0.153206469
8,124,0.225
8,125,-0.212132034
8,126,-0.057353933
8,127,0.22
8,128,0
8,129,0.336787657
8,130,-0.348068273
8,131,-0.460872918
8,132,-0.113333333
8,133,0.287368483
8,134,-0.11785113
8,135,0
8,136,0
8,137,-0.332820118
8,138,-0.027472113
8,139,0
8,140,0.150755672
8,141,-0.775
8,142,0
8,143,0.208012574
8,144,0.353553391
8,145,-0.094491118
8,146,0
8,147,0.221880078
8,148,0
9,1,-0.283473355
9,2,0.125108648
9,3,0.541265877
9,4,-0.699717988
9,5,0.3
9,6,0
9,7,0
9,8,0.094491118
9,9,0.277350098
9,10,0.603022689
9,14,0
9,17,0
9,20,0.176776695
9,23,0.052128604
9,24,-0.132680694
9,25,-0.040824829
9,26,0.302371578
9,27,0
9,28,0.165247289
9,29,0.129099445
9,30,0.180277564
9,31,0.357770876
9,32,0.326598632
9,36,0.530330086
9,37,0.530330086
9,38,0.530330086
9,39,0.585844933
9,40,0.375
9,44,0.530330086
9,45,0
9,46,-0.334076552
9,47,-0.016535946
9,48,0.23
9,49,-0.659220319
9,50,-0.080064077
9,51,0
9,52,0
9,53,0
9,54,0.557497598
9,55,0
9,56,0
9,57,0
9,58,0
9,59,0
9,60,0
9,61,0
9,62,0
9,63,0.083205029
9,64,-0.288675135
9,65,-0.037796447
9,66,-0.40824829
9,67,0.283473355
9,68,-0.283473355
9,69,-0.714434508
9,70,0
9,71,0
9,72,-0.040089186
9,73,-0.083333333
9,74,-0.234520788
9,75,-0.607960019
9,76,-0.40411193
9,77,0
9,78,0
9,79,0
9,80,0
9,81,-0.287368483
9,82,0
9,83,0
9,84,-0.151185789
9,85,0
9,86,0.104257207
9,87,-0.081705949
9,88,0
9,89,0
9,90,0
9,91,0
9,92,0.306186218
9,93,0.082495791
9,94,0
9,95,0.56694671
9,96,-0.082199494
9,97,0.129986737
9,98,-0.02
9,99,0.183711731
9,100,0.53
9,101,-0.173445477
9,102,0.231060358
9,103,0.378117671
9,104,-0.074620251
9,105,0.078446454
9,106,0.053033009
9,107,0.15411035
9,108,0.052223297
9,109,-0.052857143
9,110,-0.485647334
9,111,0.058834841
9,112,0.557831938
9,113,-0.036380344
9,114,0.106600358
9,115,0
9,116,0.294684479
9,117,-0.981110659
9,118,0.074535599
9,119,-0.176776695
9,120,-0.452267017
9,121,-0.01940285
9,122,-0.075377836
9,123,-0.233486893
9,124,-0.5
9,125,0.204959346
9,126,0
9,127,-0.149120227
9,128,0.09701425
9,129,0
9,130,-0.44907312
9,131,0.120267559
9,132,0.144337567
9,133,0
9,134,0.302371578
9,135,0
9,136,0
9,137,-0.188982237
9,138,-0.166666667
9,139,-0.188982237
9,140,-0.625
9,141,0.223606798
9,142,0.357217254
9,143,-0.281686426
9,144,-0.008333333
9,145,0
9,146,0.009284767
10,1,-0.078446454
10,2,0.103279556
10,3,-0.083405766
10,4,0.3
10,5,-0.052128604
10,6,0
10,7,0.64115605
10,8,-0.243708718
10,9,0.091287093
10,10,-0.165373773
10,11,0
10,12,0
10,13,0
10,14,0
10,15,-0.094491118
10,16,0
10,17,0.12001984
10,18,0.104006287
10,19,0
10,20,-0.030151134
10,21,0.026726124
10,22,0.050709255
10,23,0
10,24,-0.265165043
10,25,-0.229415734
10,26,0.143684242
10,27,-0.018898224
10,28,0
10,29,-0.216506351
10,30,-0.071428571
10,31,-0.218797487
10,32,-0.144115338
10,33,0
10,34,-0.170625037
10,35,-0.085749293
10,36,0.375
10,37,0
10,38,-0.102105494
10,39,-0.160356745
10,40,-0.21821789
10,41,0.25
10,42,0.306186218
10,43,0.266666667
10,44,0
10,45,0
10,46,0
10,47,0.079056942
10,48,0
10,49,-0.121355975
10,50,-0.40824829
10,51,-0.058834841
10,52,-0.265165043
10,53,0
10,54,-0.028867513
10,55,0.014433757
10,56,-0.181901719
10,57,-0.400891863
10,58,0.447213595
10,59,0.569209979
10,60,-0.129099445
10,61,0.58646058
10,62,0
10,63,-0.125
10,64,-0.21821789
10,65,-0.22453656
10,66,0
10,67,0
10,68,0
10,69,0
10,70,0.305085108
10,71,-0.23570226
10,72,0.1720618
10,73,-0.04472136
10,74,-0.063245553
10,75,-0.381837662
10,76,-0.193649167
10,77,-0.204124145
10,78,0.324229857
10,79,0.252982213
10,80,-0.12780193
10,81,-0.064888568
10,82,0.347011047
10,83,0
10,84,0.216506351
10,85,0
10,86,0.436049182
10,87,0.025
10,88,-0.11785113
10,89,0
10,90,0.333333333
10,91,0
10,92,0
10,93,0.406586399
10,94,0
10,95,0
10,96,0
10,97,0.030618622
10,98,0.0625
11,1,0
11,2,0.084515425
11,3,0.047245559
11,4,0
11,5,-0.204124145
11,6,0
11,7,0
11,8,0
11,9,0
11,10,-0.288675135
11,11,-0.083333333
11,12,0
11,13,-0.31201886
11,14,0
11,15,0
11,16,0
11,17,-0.472
11,18,0
11,19,0
11,20,-0.27852425
11,21,-0.070710678
11,22,0.026516504
11,23,-0.25
11,24,0.326598632
11,25,-0.144337567
11,26,0.106904497
11,27,0.433333333
11,28,0
11,29,-0.530330086
11,30,0
11,31,0
11,32,0
11,33,0.13764944
11,34,0.162018517
11,35,0.107763181
11,36,-0.03
11,37,0.411596604
11,38,0.08
11,39,-0.1161895
11,40,0
11,44,0.636396103
11,45,0
11,46,0.221880078
11,47,0.109108945
11,48,0.282842712
11,49,0.052128604
11,50,-0.216506351
11,51,0.109108945
11,52,0
11,53,0.577350269
11,54,0
11,55,0.319801075
11,56,0
11,57,0.136930639
11,58,0
11,59,0
11,60,0.218282063
11,61,0.727581611
11,62,0.280624304
11,63,0.16583124
11,64,0
11,65,0
11,66,0
11,67,0
11,68,-0.40824829
11,69,0
11,70,0.154919334
11,71,0.141421356
11,72,0.163299316
11,73,0.315296313
11,74,-0.054554473
11,75,0
11,76,0
11,77,0.461880215
11,78,0
11,79,-0.377964473
11,80,0
11,81,-0.089442719
11,82,0
11,83,0
11,84,0.166666667
11,85,0.353553391
11,86,-0.176776695
11,87,0
11,88,0
11,89,-0.5
11,90,0.357770876
11,91,0.126491106
11,92,-0.144337567
11,93,0.228124767
11,94,0.287820967
11,95,-0.153206469
11,96,-0.191880645
11,97,0.208012574
11,98,-0.204124145
11,99,-0.25
11,100,-0.316227766
11,101,0.302371578
11,102,0.075
11,103,-0.054554473
11,104,0
11,105,0.325
11,106,0.972271824
11,107,0.8
11,108,0
11,109,0
11,110,0
11,111,0
11,112,0
11,113,0.284604989
11,114,0
11,115,0
11,116,0.353553391
11,117,0
11,118,0.058925565
11,119,0.021821789
11,121,0
11,122,0
11,123,0
11,124,0.333333333
11,125,0.176776695
11,126,0.8
11,127,0
11,128,0.603738354
11,129,0
11,130,0
11,131,0.183711731
11,132,0
11,133,0.076980036
11,134,0.396177387
11,135,0.283473355
11,136,0
11,137,0.519615242
11,138,0.030618622
11,139,0.121267813
11,140,-0.360843918
11,141,-0.237170825
11,142,0.272134421
11,143,0.151185789
11,144,0.434176336
11,145,0
11,146,0
11,147,0
11,148,0
11,149,-0.125
11,150,0.064549722
11,151,0
11,152,0
12,1,-0.3
12,2,-0.474379656
12,3,0.139271504
12,4,0
12,5,0
12,6,0.223606798
12,7,0.357770876
12,8,0
12,9,0.25
12,10,0
12,11,-0.15
12,12,0
12,13,0
12,14,0
12,15,0.461880215
12,16,-0.377964473
12,17,0
12,18,-0.477667946
12,19,0
12,20,-0.2
12,21,0.18973666
12,22,0
12,23,0
12,24,0.482990683
12,25,0.22
12,26,-0.028643578
12,27,0
12,28,0.34538516
12,29,0.191004862
12,30,0
12,31,0.074278135
12,32,0.141421356
12,33,-0.111803399
12,34,0.577350269
12,35,0.201246118
12,36,0
12,37,0
12,38,0.230940108
12,39,0.108333333
12,40,0
12,41,0
12,42,0
12,43,0
12,44,0.222948161
12,45,0.0625
12,46,0.070710678
12,47,0
12,48,0.313049517
12,49,0
12,50,0
12,51,0.346410162
12,52,0.261997819
12,53,0
12,54,0
12,55,0.48713929
12,56,0
12,57,-0.25819889
12,58,0
12,59,-0.250950574
12,60,0
12,61,0
12,62,0
12,64,-0.972271824
12,65,0.111803399
12,66,0
12,67,0.008219949
12,68,0
12,69,0
12,70,-0.173205081
12,71,0.156385811
12,72,-0.242535625
12,73,0
12,74,0.185695338
12,75,0.275
12,76,0
12,77,-0.049029034
12,78,-0.144337567
12,79,0
12,80,0
12,81,0.176776695
12,82,1.456994468
12,83,0
12,84,-0.301511345
12,85,-0.092847669
12,86,-0.188561808
12,90,0.2
12,91,0
12,92,0
12,93,-0.05
12,94,0.1
12,95,0
12,96,0.213453742
12,97,0.335410197
12,98,-0.294627825
12,99,0
12,100,0
12,101,-0.291217603
12,102,0
12,103,0.334076552
12,104,0.054554473
12,105,0
12,106,0.12792043
12,107,0.244948974
12,108,0
12,109,-0.306186218
12,110,-0.306186218
12,111,0.083333333
12,112,-0.433012702
12,113,0
12,114,0
12,115,0.302371578
12,116,0
12,117,0
12,118,0.141421356
12,119,-0.040824829
12,120,0.009805807
12,121,0
12,122,0.282842712
12,123,0.167349581
12,124,0.047245559
12,125,-0.065726707
12,126,0.186504711
12,127,-0.117669681
12,128,0
12,129,0
12,130,0
12,131,0
12,132,0.088388348
12,133,-0.137281295
12,134,0.335875721
12,135,0.070710678
13,1,-0.21821789
13,2,-0.217329572
13,3,0
13,4,-0.01118034
13,5,0
13,6,0
13,7,0
13,8,-0.028867513
13,9,-0.213808994
13,10,0.416666667
13,11,0
13,12,0
13,13,0
13,14,0
13,15,0
13,16,-0.144337567
13,17,0.126491106
13,18,0
13,19,0
13,20,0.565685425
13,21,-0.088388348
13,22,-0.316227766
13,23,0.064549722
13,24,0.302371578
13,25,-0.166666667
13,26,0
13,27,0
13,28,0.5
13,29,-0.150755672
13,30,0
13,31,0
13,32,-0.303108891
13,33,0.04
13,34,-0.226778684
13,35,0
13,36,0
13,37,0
13,38,0
13,39,0
13,40,-0.030983867
13,41,0
13,42,0.534424925
13,43,0.39223227
13,44,0
13,45,0
13,46,0.581377674
13,47,0.259272486
13,48,0
13,49,-0.229415734
13,50,-0.010206207
13,51,0
13,52,-0.015075567
13,53,0
13,54,0
13,55,0.035575624
13,56,0.544743907
13,57,0.156385811
13,58,0
13,59,0
13,60,0
13,61,-0.204124145
13,62,0
13,63,0
13,64,0
13,65,0.461880215
13,66,0.188982237
13,67,-0.091287093
13,68,-0.121666066
13,69,-0.13764944
13,70,0.031277162
13,71,-0.610170216
13,72,0.4
13,73,0
13,74,0.083333333
13,75,0
13,76,-0.230940108
13,77,0
13,78,0
13,79,0.551135192
13,80,-0.110940039
13,81,0
13,82,0
13,83,0
13,84,-0.301511345
13,85,0
13,86,0
13,87,0
13,88,0.176776695
13,89,0
13,92,0
13,93,0.057353933
13,94,-0.292239871
13,95,-0.0875
13,96,0
13,97,0
13,98,-0.144337567
13,99,-0.125
13,100,0.111803399
13,101,0.083333333
13,102,-0.104257207
13,103,0
13,104,-0.103279556
13,105,-0.282842712
13,106,0.275298881
13,107,0
13,108,0.069337525
13,109,-0.125108648
13,110,0.191485422
13,111,0.03354102
13,112,0
13,113,0
13,114,0
13,115,-0.25
13,116,0
13,117,0.302371578
13,118,0
13,119,0
13,120,-0.2
13,121,0.715541753
13,122,0.565685425
13,123,0.129099445
13,124,0
13,125,-0.519707758
14,1,-0.301247407
14,2,-0.357770876
14,3,-0.176776695
14,4,0
14,5,0.06761234
14,6,-0.223606798
14,7,0
14,8,0.053300179
14,9,0.029204493
14,10,0
14,11,-0.121267813
14,12,-0.273861279
14,13,0
14,14,-0.188982237
14,15,-0.227683992
14,16,-0.106904497
14,17,-0.353553391
14,18,-0.145521375
14,19,0
14,20,0
14,21,0.267261242
14,22,-0.136930639
14,23,0.432963212
14,24,-0.25
14,25,-0.373101254
14,26,0
14,27,-0.514295635
14,28,0
14,29,0
14,30,-0.267261242
14,31,-0.5
14,32,0
14,33,-0.883883476
14,34,-0.08660254
14,35,-0.282842712
14,36,-0.230940108
14,37,0
14,38,-0.075
14,39,-0.442718872
14,40,-0.459279327
14,41,-0.244948974
14,42,-0.08
14,43,-0.351390964
14,44,-0.095940322
14,45,0.111417203
14,46,0
14,47,-0.159099026
14,48,-0.145344419
14,49,-0.069337525
14,50,0.013363062
14,51,0.193973726
14,52,0.019611614
14,53,0
14,54,0.02
14,55,0.335658557
14,56,-0.2
14,57,-0.088388348
14,58,-0.16
14,59,-0.120604538
14,60,0.458731711
14,61,0
14,62,-0.301511345
14,63,-0.230940108
14,64,0
14,65,0.51785681
14,66,0
14,67,-0.230940108
14,68,0.433012702
14,69,-0.318952613
14,70,0.114707867
14,71,0
14,72,0
14,73,-0.2
14,74,0.326598632
14,75,-0.282842712
14,76,0
14,77,0.612372436
14,78,0.8
14,79,0
14,80,0.166410059
14,81,0.244948974
14,82,-1.690681681
14,83,-0.174077656
14,84,0
14,85,-0.026726124
14,86,0
14,87,0.170084013
14,88,0
14,89,0
14,90,0
14,91,-0.577350269
14,92,0.25
14,93,0.582435206
14,94,0.226133508
14,95,0.335410197
14,96,0.707106781
14,97,0
14,98,-0.067840053
14,99,0
15,1,0.183333333
15,2,0.18973666
15,3,-0.267261242
15,4,0.081989159
15,5,0
15,6,-0.180906807
15,7,0.177482393
15,8,0.24140394
15,9,-0.288675135
15,10,0
15,11,0.191880645
15,12,0.319801075
15,13,0.266666667
15,14,0
15,15,0.426028168
15,16,0.054772256
15,17,0.144337567
15,18,0.128623939
15,19,0
15,20,-0.0625
15,21,-0.218643267
15,22,0.35158417
15,23,-0.460817688
15,24,-0.069337525
15,25,-0.346687623
15,26,0
15,27,0.0625
15,28,-0.1
15,29,0.212218672
15,30,0.072760688
15,31,0.196396101
15,32,0.180906807
15,33,0
15,34,0.133333333
15,35,-0.193649167
15,36,-0.045883147
15,37,0
15,38,0
15,39,0
15,40,0.071554175
15,41,-0.577350269
15,42,0.433333333
15,43,-0.075592895
15,44,0.335410197
15,45,0
15,46,0
15,47,0.40824829
15,48,0
15,49,0
15,50,0
15,51,0.8
15,55,0.178885438
15,59,-0.163299316
15,63,0
15,67,0
15,71,0.206559112
15,75,0
15,76,0.577350269
15,77,-0.447213595
15,78,-0.35362704
15,79,0.092847669
15,80,0.049193496
15,81,0
15,82,0
15,83,-0.174824587
15,84,-0.21821789
15,85,-0.335410197
15,86,0.577350269
15,87,-0.753778361
15,88,0
15,89,0
15,93,0
15,94,0
15,95,-0.4
15,96,0
15,97,-0.226133508
15,98,0
15,99,-0.180906807
15,100,0.166410059
15,101,-0.211288564
15,102,-0.21821789
15,103,0.151185789
15,104,0
15,105,-0.022188008
15,106,0
15,107,0.058834841
15,108,0.163299316
15,109,0.5
15,110,0.103279556
15,111,0.105528971
15,112,0
15,113,0.280864199
15,114,0
15,115,0.336787657
15,116,-0.11785113
15,117,0
15,118,0
15,119,-0.051031036
15,120,-0.111803399
15,121,-0.206155281
15,122,0
16,1,0.34
16,2,0
16,3,0.577350269
16,4,0
16,5,0.167125804
16,6,0.064549722
16,7,0.115470054
16,8,0.368190869
16,9,0.126491106
16,10,0.116092912
16,11,-0.183532587
16,12,0.048241815
16,13,0.073979544
16,14,-0.133630621
16,15,0.221880078
16,16,-0.281744565
16,17,0.176776695
16,18,0
16,19,0.012780193
16,20,0.108333333
16,21,-0.303169531
16,22,-0.442718872
16,23,-0.333333333
16,24,-0.374422632
16,25,-0.132582521
16,26,0.031980107
16,27,0.391666667
16,28,0.239791576
16,29,-0.37426696
16,30,0.139271504
16,31,0
16,32,0.332772912
16,33,-0.15
16,34,0.22453656
16,35,0.303980009
16,36,0.509324813
16,37,0.686406473
16,38,0.08
16,39,0.15
16,40,0.020604085
16,41,0
16,42,-0.096225045
16,43,-0.309049128
16,44,0
16,45,-0.12
16,46,0.3
16,47,0
16,48,0.186550627
16,49,0.052128604
16,50,-0.34349514
16,51,0.061237244
16,52,0.010425721
16,53,-0.120604538
16,54,0.256246954
16,55,0
16,56,-0.154919334
16,57,0.141736677
16,58,0.226133508
16,59,0.306186218
16,60,0
16,61,0.461880215
16,62,-0.102062073
16,63,0.353553391
16,64,0
16,65,0.241209076
16,66,-1.094615729
16,67,0
16,68,0
16,69,0.424264069
16,70,0
16,71,0.3
16,75,0
16,76,0.603738354
16,77,0
17,1,0.254662406
17,2,0
17,3,0.221359436
17,4,0
17,5,0.72
17,6,0
17,7,0.565685425
17,8,0
17,9,-0.070710678
17,10,0
17,11,0
17,12,0
17,13,0
17,14,0
17,15,-0.394522684
17,16,0
17,17,0
17,18,0.283473355
17,19,0.441941738
17,20,0.302371578
17,21,-0.40824829
17,22,0
17,23,0
17,24,0.221880078
17,25,0.316227766
17,26,0
17,27,0.346410162
17,28,0
17,29,0
17,30,0
17,31,0.335410197
17,32,0
17,33,0
17,34,0.129099445
17,35,0.25
17,36,0.282842712
17,37,0
17,38,0.075377836
17,39,0
17,40,0
17,41,0
17,42,-0.306186218
17,43,0.091766294
17,44,0
17,45,0
17,46,0
17,47,0.235747583
17,48,-0.565685425
17,49,0.166666667
17,50,-0.981980506
17,51,-0.283473355
17,52,0
17,53,-0.083333333
17,54,0
17,55,0.075377836
17,56,0.276699295
17,57,-0.287820967
17,58,0.031277162
17,59,0.062469505
17,60,0.154030809
17,61,0.229128785
17,62,0.191880645
17,63,0.283473355
17,64,0.25
17,65,0
17,66,0.111803399
17,67,0.088388348
17,68,0
17,69,0.25819889
17,70,-0.306186218
17,71,0
17,72,0
17,73,0
17,74,0.183532587
17,75,-0.196396101
17,76,0.375
17,77,0.088388348
17,78,0
17,81,-0.101036297
17,82,0.377964473
17,83,0.173719807
17,84,0
17,85,0
17,86,0
17,87,0.133630621
17,88,0.126491106
17,89,0.581377674
17,90,0.125108648
17,91,0
17,92,-0.206155281
17,93,0.117669681
17,94,-0.064549722
17,95,-0.221880078
17,96,0.180906807
17,97,0
17,98,0.302371578
17,99,0.149120227
17,103,0.057047912
17,104,-0.170084013
17,105,0.109108945
17,106,0.209289473
17,107,-0.40824829
17,108,-0.452267017
17,109,0
17,110,0
17,111,-0.197565832
17,112,0
17,113,-0.283333333
17,114,-0.45
17,115,0
17,116,0.490153037
17,117,-0.064549722
17,118,-0.516397779
17,119,0.213333333
17,120,-0.268793601
17,121,0
17,122,-1.375
17,123,0
17,124,0
18,1,0
18,2,0.195003374
18,3,0.042640143
18,4,0.141666667
18,5,0.416666667
18,6,-0.435710626
18,7,-0.166666667
18,8,-0.240192231
18,9,0.04330127
18,10,0
18,11,-0.089661198
18,12,-0.217329572
18,13,0
18,14,-0.230940108
18,15,0.144337567
18,16,0
18,17,0
18,18,0
18,19,0
18,20,0.208012574
18,21,0
18,22,0.40824829
18,23,0
18,24,-0.158771324
18,25,-0.047434165
18,26,0.193649167
18,27,-0.223606798
18,28,0.461880215
18,29,0.326598632
18,30,-0.121267813
18,31,0.219089023
18,32,-0.01767767
18,33,0
18,34,0
18,35,-0.317542648
18,36,0.138675049
18,37,0
18,38,0.282842712
18,39,-0.063245553
18,40,0
18,41,0
18,42,0.335410197
18,43,0.321733585
18,44,-0.061282588
18,45,0
18,46,-0.333333333
18,47,0.632503736
18,48,0.0372678
18,49,-0.07
18,50,-0.188982237
18,51,0
18,52,-0.204124145
18,53,-0.306186218
18,54,0.158113883
18,55,0
18,56,0.306186218
18,57,0.268328157
18,58,0.424264069
18,59,0
18,60,0.040824829
18,61,-0.114707867
18,62,0.234787138
18,63,0.091287093
18,64,-0.40824829
18,65,0.377964473
18,66,-0.39223227
18,67,0.666666667
18,68,0
18,69,0
18,70,-0.808290377
18,71,0
18,72,-0.4
18,73,0
18,74,0
18,75,0.336787657
18,76,-0.353715832
18,83,-0.191666667
18,84,-0.141421356
18,85,0.294594152
18,86,-0.319801075
18,87,-0.159111168
18,88,0.413118224
18,89,-0.352821143
18,90,0.022941573
18,91,0
18,92,0.125
18,93,-0.197565832
18,94,-0.382441845
18,95,0
19,1,0
19,2,0.08
19,3,-0.51
19,4,-0.375
19,5,0
19,6,0.102062073
19,7,-0.223606798
19,8,-0.237170825
19,9,0
19,10,0
19,11,-0.230940108
19,12,0
19,13,0
19,14,0.357770876
19,15,-0.111803399
19,16,0.135680105
19,17,0.067357531
19,18,0
19,19,0
19,20,0
19,21,0
19,22,-0.188982237
19,23,0.204124145
19,24,0
19,25,-0.121267813
19,26,0
19,27,0
19,28,0
19,29,0
19,30,0
19,31,-0.916787871
19,32,0.25
19,33,0
19,34,-0.057735027
19,35,0
19,36,-0.040824829
19,37,-0.610560473
19,38,0
19,39,0
19,40,0
19,41,-0.107142857
19,42,-0.25
19,43,0.326598632
19,44,0
19,45,-0.25
19,46,-0.25
19,47,-0.25
19,48,-0.204124145
19,49,-0.144337567
19,50,0
19,54,-0.293987366
19,55,0.208514414
19,59,-0.148556271
19,60,0
19,61,0.163299316
19,62,0.015625
19,63,0.326598632
19,66,0.8
19,69,0
19,70,-0.031529631
19,71,0.163299316
19,72,-0.653197265
19,73,-0.090369611
19,74,0.300416378
19,75,0.326598632
19,76,0
19,77,0.110940039
19,78,0.244948974
19,79,0
19,80,-0.216506351
19,81,0.154919334
19,82,0.611010093
19,83,-0.072168784
19,84,0.577350269
19,85,-0.080498447
19,89,0
19,92,-0.181901719
19,93,0
19,94,0.326598632
19,95,0.111803399
19,96,0
19,97,-0.141841629
19,98,0
19,99,-0.211057941
19,100,0.40824829
19,104,0
19,108,-0.56694671
19,109,0
19,110,0.283473355
19,111,-0.088388348
19,112,-0.25
19,113,0.25
19,114,-0.223606798
19,115,-0.577350269
19,116,-0.505964426
19,117,-0.137281295
19,118,0
19,119,0.353553391
19,120,0.024253563
19,121,0
19,122,0
19,123,0
19,124,-0.138675049
19,125,0.4
19,126,0
19,127,0.404145188
19,128,0
19,129,-0.072168784
19,130,0.144337567
19,131,0
19,132,0.894427191
19,133,0.229809704
19,134,0.204124145
19,135,0
19,136,0.335410197
19,137,0
19,138,-0.176776695
19,139,0.25
19,140,0
19,141,0
19,142,0.105528971
19,143,0
19,144,0.721687836
19,145,0.025724788
19,146,0
19,147,0.283333333
19,148,-0.306186218
19,149,0
19,150,0.163582576
19,151,0.125
19,152,0
19,153,0.012126781
19,154,0
19,155,0.357770876
19,156,0
19,157,-0.21821789
19,158,0.1625
19,159,0.569209979
19,160,0
19,161,0.144337567
19,162,-0.43643578
19,163,0
19,164,-0.288675135
19,165,0.223606798
19,166,-0.04330127
19,167,-0.480895432
19,168,0
19,169,-0.25819889
19,170,0.603509849
19,171,0
19,172,-0.230940108
19,173,0
19,174,-0.094491118
19,175,-0.166410059
19,176,0
19,177,0.283473355
19,178,0.144337567
19,179,0.288675135
19,180,0
19,181,0.241209076
19,182,0.525475975
19,183,0
20,1,0
20,2,0
20,3,0
20,4,-0.268328157
20,5,0
20,6,0
20,7,-0.279508497
20,8,-0.064549722
20,9,0
20,10,0
20,11,0.353553391
20,12,-0.150755672
20,13,0
20,14,0.283473355
20,15,-0.335410197
20,16,0
20,17,0
20,18,0
20,19,0.122983739
20,20,0
20,21,-0.225
20,22,0
20,23,0
20,24,0
20,25,0
20,26,0
20,27,-0.208012574
20,28,0
20,29,0
20,30,0
20,31,0
20,32,0
20,33,-0.226778684
20,34,0
20,35,0.2
20,36,0
20,37,0
20,38,0.17
20,42,0.578901782
20,46,0
20,47,0
20,48,0
20,49,-0.083333333
20,50,0
20,51,0
20,52,-0.282842712
20,53,0.8
20,54,0.221880078
20,55,-0.204124145
20,56,0
20,57,0
20,58,0
20,59,-0.144337567
20,60,-0.033333333
20,61,-0.283473355
20,62,-0.071203932
20,63,0
20,64,0.037796447
20,65,0
20,66,0
20,67,0
20,68,0
20,69,-0.478713554
20,70,0
20,71,-0.282842712
20,72,0
20,73,0.206559112
20,74,0
20,75,0
20,76,0
20,77,0
20,78,-0.296928723
20,79,0.126491106
20,80,-0.2625
20,81,0.461880215
20,82,0
20,83,0.106066017
20,84,0
20,85,0
20,86,0
20,87,0
20,88,0
20,89,0.180906807
20,90,0
20,91,-0.288675135
20,92,-0.15
20,93,0
20,94,0
20,95,0.252982213
20,96,0
20,97,-0.072168784
20,98,-0.230940108
20,99,0
20,100,-0.111803399
20,101,0
20,102,-0.064549722
20,103,-0.079056942
20,104,0.636396103
20,105,0.126491106
20,106,-0.497198031
20,107,-0.114707867
20,108,0
20,109,-0.577350269
20,110,0.180906807
20,111,-0.306186218
20,112,-0.375
20,113,0
20,114,-0.5
20,115,0.357770876
20,116,-0.282842712
20,117,0.20788046
20,118,-0.163663418
20,119,0
20,120,0.25
20,121,0.301869177
20,122,0.204124145
20,123,0
20,124,0
20,125,-0.069337525
20,126,0.25
20,127,0.295160973
20,128,0.426907484
20,129,0.18973666
20,130,-0.447213595
20,131,0
20,132,0
20,133,-0.244948974
20,134,0
20,135,0
20,136,0
20,137,0
20,138,-0.121267813
20,139,0
20,140,-0.808290377
20,141,0.213808994
20,142,0
20,143,-0.25
20,144,0
20,145,0
20,146,-0.377964473
20,147,-0.306186218
20,148,0.140069858
20,149,-0.469168464
20,150,0
20,151,0
20,152,-0.330718914
20,153,0
20,154,-0.05
20,155,0
20,156,-0.255126019
20,157,-0.263482593
20,158,-0.11226828
20,159,0.23570226
20,160,-0.093353595
20,161,0.316227766
20,162,0.467342584
20,163,0.565184336
20,164,-0.399621797
20,165,0
20,166,-0.707106781
20,167,0
20,168,-0.447213595
20,169,0
20,170,0
20,171,0.033282012
20,172,0
20,173,-0.298240454
20,174,0
20,175,-0.196116135
20,176,-0.176776695
20,177,0
20,178,0.114707867
21,1,0.028571429
21,2,0.091287093
21,3,-0.208012574
21,4,0.128748555
21,8,-0.084329938
21,9,0
21,10,0.54272042
21,11,0
21,12,0
21,13,-0.02236068
21,14,-0.237170825
21,15,0
21,16,0.226778684
21,17,0
21,18,0
21,19,0
21,20,-0.181901719
21,21,-0.734846923
21,22,0
21,23,0
21,24,-0.377964473
21,25,0.150755672
21,26,0.176776695
21,27,-0.144337567
21,28,0
21,29,0
21,30,0
21,31,0
21,32,0
21,33,0
21,34,0.244948974
21,35,-1.154700538
21,36,0
21,37,0
21,38,0
21,39,0
21,40,0
21,41,0
21,42,0.024253563
21,43,0
21,44,-0.188982237
21,45,-0.25
21,46,0
21,47,0
21,48,0
21,49,0
21,50,-0.009622504
21,51,0.120604538
21,52,0
21,53,0.353553391
21,54,-0.223606798
21,55,0
21,56,0
21,57,0
21,58,0
21,59,0.326598632
21,60,-0.335410197
21,61,0
21,62,0
21,63,0.326598632
21,64,0
21,65,0
21,66,0.565685425
21,67,0
21,68,0
21,69,-0.141421356
21,70,0
21,71,-0.114707867
21,72,0.301511345
21,73,0
21,74,0.636396103
21,75,0.4
21,76,0
21,77,-0.011470787
21,78,0
21,79,0.201078413
21,80,0.226778684
21,81,0.158113883
21,82,0
21,83,0.375
21,84,0
21,85,0
21,86,-0.18973666
21,87,0
21,88,0.125
21,89,0
21,90,-0.150755672
21,91,0.413118224
21,92,0.05
21,93,0
21,94,0.353553391
21,98,0
21,99,-0.06681531
21,100,0.447213595
21,101,0
21,102,0.173205081
21,103,0
21,104,-0.176776695
21,105,0
21,106,0.40824829
21,107,0
21,108,-0.230940108
21,109,-0.167705098
21,110,0.252982213
21,114,-0.173505523
21,115,-0.15
21,116,0.163299316
21,117,-0.040824829
21,118,-0.111803399
21,119,0.130930734
21,120,-0.058925565
21,121,0
21,122,0
21,123,0
21,124,-0.707106781
21,125,-0.721687836
21,126,0.447213595
21,127,0
21,128,0.375
21,129,0
21,130,0
21,131,0
21,132,0
21,133,-0.283473355
21,134,-0.25
21,135,0.577350269
21,136,-0.375
21,137,0
21,138,0.441941738
21,139,-0.188982237
21,140,-0.707106781
21,141,-0.3125
21,142,-0.65625
21,143,0.614934187
21,144,-0.422115882
21,145,0
21,146,0
21,147,0
21,148,0
21,149,-0.111803399
21,150,0.141421356
21,151,0
21,152,0
21,153,0.28125
21,154,0.223606798
21,155,-0.481070235
21,156,0
21,157,0.129099445
21,158,-0.530330086
21,159,0
21,160,0.160128154
21,161,-0.474341649
21,162,0.433012702
21,163,0
21,164,0
21,165,-0.294627825
21,166,0.577350269
21,167,0.283473355
21,168,0.044901326
21,169,-0.25
21,170,-0.051031036
21,171,0.013363062
21,172,0
21,173,0.176776695
21,174,0
21,175,0.125
21,176,-0.447213595
21,177,0.283473355
21,178,-0.25
21,179,0
21,180,-0.038877096
21,181,0
21,182,-0.125
21,183,-0.3
21,184,0
21,185,-0.230940108
21,186,0
22,1,-0.1875
22,2,-0.125
22,3,0.282842712
22,7,0
22,8,-0.707106781
22,9,-0.829156198
22,10,0
22,11,-0.421875
22,12,-0.187638837
22,13,-0.894427191
22,14,-0.5
22,15,0.377964473
22,16,0
22,17,-0.447213595
22,18,0.592927061
22,19,0
22,20,0.25
22,21,0
22,22,-0.188982237
22,23,-0.204124145
22,24,0.114707867
22,25,-0.212132034
22,26,-0.2
22,27,0.057353933
22,28,0
22,29,0.204124145
22,30,0
22,31,0
22,32,0
22,33,0.54272042
22,34,-0.569209979
22,35,-0.316227766
22,36,0
22,37,0.302371578
22,38,0.188982237
22,39,0
22,40,0
22,41,-0.75
22,42,0
22,43,0
22,44,0
22,45,-0.181901719
22,46,0
22,47,-0.707106781
22,48,0.447213595
22,49,0
22,50,-0.433012702
22,51,-0.060633906
22,52,0
22,53,0
22,54,0
22,55,0.212132034
22,56,0
22,57,-0.020412415
22,58,0
22,59,0.181901719
22,60,0
22,61,0.577350269
22,62,0.013363062
22,63,-0.166666667
22,64,0
22,65,0
22,66,-0.4375
22,67,0.587947122
22,68,0
22,69,-0.707106781
22,70,0
22,71,-0.512652416
22,72,0.060302269
22,73,-0.415902946
22,74,-0.512829193
22,75,-0.173205081
22,76,-0.239791576
22,77,0.1875
22,78,-0.010660036
22,79,-0.35007598
22,80,0
22,81,0.707106781
22,82,0
22,83,0.129099445
22,84,0
22,85,0
22,86,-0.313934209
22,87,0
22,88,0.375
22,89,-0.030151134
22,90,-0.424437344
22,91,0
22,92,0
22,93,0
22,97,0
22,98,0
22,99,0
22,100,0
22,101,0
22,102,0
22,103,0
22,106,0.282842712
22,107,0
22,108,0.090453403
22,109,0
22,110,-0.755400694
22,111,-0.163663418
22,112,0.153093109
22,113,0.223860752
22,114,-0.350230339
22,115,-0.237170825
22,116,0.183532587
22,117,-0.403333333
22,118,-0.58646058
22,119,-0.293987366
22,120,0
22,121,0
22,122,0.087287156
22,123,-0.060024505
22,124,0.414254925
22,125,0
22,126,-0.221359436
22,127,-0.136930639
22,128,0
22,129,0
22,130,-0.185695338
22,131,0
22,132,-0.375
22,133,-0.110679718
22,134,0
22,135,-0.433012702
22,136,-0.382426464
22,137,0
22,138,-0.239170192
22,139,-0.135015431
22,140,-0.056694671
22,141,0
22,142,-0.75
22,143,0
22,144,0.530330086
22,145,0
22,146,-0.200189304
22,147,-0.158113883
22,148,-0.275776416
22,149,-0.636396103
22,150,-0.159099026
22,151,0
22,152,-0.29192018
22,153,-0.053300179
22,154,-0.053452248
22,155,-0.228747855
22,156,-0.10323708
22,157,0
22,158,0
22,159,-0.52443277
22,160,0
22,161,0
22,162,0
23,1,-0.25
23,2,0
23,3,0
23,4,0
23,5,-0.144337567
23,6,-0.1720618
23,7,0
23,8,0
23,9,-0.144337567
23,10,-0.353553391
23,11,-0.447213595
23,12,0
23,13,0.353553391
23,14,0
23,15,0
23,16,0.4
23,17,0
23,18,0.565685425
23,19,-0.370833333
23,20,0
23,21,-0.230940108
23,22,0
23,23,0.075592895
23,24,0.079056942
23,25,0.8
23,26,-0.288675135
23,27,0
23,28,0
23,29,0
23,30,0
23,31,0
23,32,0
23,33,-0.065759595
23,34,0
23,35,0
23,36,0.091766294
23,37,0.226133508
23,38,-0.59
23,39,0
23,40,0.252982213
23,41,0
23,42,0
23,43,0
23,44,-0.048112522
23,45,0
23,46,-0.282842712
23,47,0.357770876
23,48,0
23,49,0
23,52,0
23,53,-0.482418151
23,54,0
23,55,0
23,56,0.494974747
23,57,0.024253563
23,58,0.197565832
23,59,0
23,60,-0.188561808
23,61,0
23,62,0
23,63,-0.059160798
23,64,-0.104257207
23,65,-0.290688837
23,66,-1
23,67,-0.707106781
23,68,0.163299316
23,69,-0.173205081
23,70,0.087287156
23,71,0
23,72,-0.042761799
23,73,0
23,74,0
23,75,-0.277350098
23,76,-0.111803399
23,77,0.141421356
23,78,0
23,79,0
23,80,0.424264069
23,81,0.533634355
23,82,-0.144337567
23,83,0
23,84,0
23,85,0.424264069
23,86,-0.202072594
23,87,0
23,88,0
23,89,-0.135534369
23,90,-0.051031036
23,91,0
23,92,-0.121267813
23,93,0
23,94,0.1
23,95,0
23,96,0
23,97,0
23,98,-0.265361389
23,99,0.025724788
23,100,-0.176776695
23,101,0
23,102,0.8
23,103,0
23,104,-0.288675135
23,105,0.8
23,106,0
23,107,0.015811388
23,108,0.693181073
23,109,0
23,110,0
23,111,0
23,112,-0.335410197
23,113,0
23,114,0
23,115,0
23,116,0
23,117,-0.204124145
23,118,0.254662406
23,119,0
23,120,0.221880078
23,121,0.085977353
23,122,0
23,123,-0.076376262
23,124,-0.363803438
23,125,0.083333333
23,126,-0.707106781
23,127,0
23,128,-0.2875
23,129,-0.150755672
23,130,0.266666667
23,131,-0.229415734
23,132,-0.159900537
23,133,0
23,134,0
23,135,-0.204124145
23,136,-0.094491118
23,137,0
23,138,0
23,139,0.282842712
23,140,0.2
23,141,0
23,142,0.15
23,143,-0.111803399
23,144,-0.166666667
23,145,0
23,146,-0.06681531
23,147,0
23,148,-0.151554446
23,149,-0.294174203
23,150,0.053300179
23,151,0.138675049
23,152,-0.391311896
23,153,0.076376262
23,154,-0.078262379
23,155,0
23,156,0.102062073
23,157,-0.577350269
23,158,0.525
23,159,0
23,160,0.282842712
23,161,0
23,162,-0.079056942
23,163,0.375
23,164,0.113389342
23,165,0
24,1,-0.598154212
24,2,-0.242069331
24,3,-0.346410162
24,4,0
24,5,0
24,6,0.104257207
24,7,-0.118321596
24,8,-0.341121146
24,9,-0.133630621
24,10,-0.1875
24,11,0
24,12,0.510252039
24,13,0
24,14,0
24,15,0
24,16,0.06681531
24,17,0.25819889
24,18,-0.020412415
24,19,-0.242535625
24,20,0.058925565
24,21,0.158113883
24,22,-0.217944947
24,23,0.872066511
24,24,-0.154919334
24,25,-0.069337525
24,26,0
24,27,0.737030722
24,28,0.412478956
24,29,0.257147817
24,30,-0.249615088
24,31,-0.080289654
24,32,0
24,33,-0.215406592
24,34,-0.555903383
24,35,0.294647283
24,36,-0.25
24,37,0.451003346
24,38,0.436358401
24,39,-0.486135912
24,40,0.106904497
24,41,0
24,42,-0.242535625
24,43,0.727401473
24,44,0.315929297
24,45,0.121267813
24,46,0.159900537
24,47,0
24,51,0.063960215
24,52,0.052128604
24,53,0.223606798
24,54,-0.25819889
24,55,0
24,56,0.33
24,57,0.283918164
24,58,0.41576092
24,59,-0.067357531
24,60,-0.828764339
24,61,-0.334076552
24,62,0
24,63,0.252412601
24,64,0.408333333
24,65,-0.058834841
24,66,-0.160579308
24,67,-0.104006287
24,68,-0.144337567
24,69,0.236227796
24,70,-0.154919334
24,71,-0.129099445
24,72,0.142302495
24,73,0
24,74,0.188982237
24,75,-0.145344419
24,76,0.606339063
24,77,-0.188982237
24,78,0
24,79,0.407040315
24,80,-0.081649658
24,81,0
24,82,0
24,83,0.28
24,84,0.141421356
24,85,0
25,1,-0.250950574
25,2,0.424137921
25,3,0.06761234
25,4,-0.161666667
25,5,0.190065778
25,6,-0.416666667
25,7,-0.115470054
25,8,-0.060024505
25,9,0
25,10,0.213549639
25,11,0.191702895
25,12,0.160356745
25,13,0.229415734
25,14,0
25,15,-0.316227766
25,16,-0.138675049
25,17,0
25,18,0
25,19,0
25,20,0
25,21,0
25,22,0
25,23,-0.086647634
25,24,-0.138675049
25,25,0.151185789
25,26,0
25,27,0
25,28,-0.102062073
25,29,0
25,30,-0.115470054
25,31,0
25,32,0.894892917
25,33,0
25,34,-0.288675135
25,35,-0.166666667
25,36,0
25,37,0.283473355
25,38,-0.212132034
25,39,0.661437828
25,40,0.240098019
25,41,-0.060024505
25,42,0.40824829
25,43,0.301511345
25,44,0.375
25,45,0.8
25,46,-0.096225045
25,47,-0.141421356
25,48,-0.177482393
25,49,-0.164398987
25,50,0
25,51,0
25,52,-0.463713017
25,53,-0.176776695
25,54,0
25,55,0
25,56,0
25,57,0
25,58,0
25,59,0
25,60,1.018233765
25,61,-0.25
25,62,0.1875
25,63,-0.058925565
25,64,0
25,65,0
25,66,-0.130930734
25,67,0
25,68,0
25,69,0
25,70,0
25,71,-0.172383501
25,72,0
25,73,-0.176776695
25,74,-0.296348748
25,75,0.022941573
25,76,0.201246118
25,77,0
25,78,0.170560573
25,79,-0.105528971
25,80,0
25,81,-0.139271504
25,82,-0.031622777
25,83,0.283683257
25,84,-0.15430335
25,85,-0.3875
25,86,0
25,87,-0.530330086
25,88,0
25,89,0
25,90,0
25,91,0
25,92,0
25,93,0
25,94,0
26,1,-0.136666667
26,2,-0.254558441
26,3,0.031622777
26,4,0
26,5,0.163663418
26,6,0
26,7,0.180906807
26,8,0.037796447
26,9,0.037796447
26,10,0
26,11,0.037796447
26,12,0
26,13,0.0625
26,14,0.026726124
26,15,0
26,16,0
26,17,0
26,18,0
26,19,-0.060633906
26,20,0.4
26,21,0
26,22,0
26,23,0
26,24,0.268328157
26,25,0.481070235
26,26,0
26,27,0
26,28,0.052128604
26,29,0
26,30,0
26,31,-0.204124145
26,32,0
26,33,0
26,34,0
26,35,0.122474487
26,36,-0.160356745
26,37,0.37123106
26,38,-0.577350269
26,39,-0.223606798
26,40,0
26,41,0.162665301
26,42,0.045643546
26,43,0
26,44,0.120604538
26,45,-0.671041022
26,46,-0.160996894
26,47,0.188982237
26,48,0
26,49,0
26,50,0.241209076
26,51,0.018766297
26,52,-0.067357531
26,53,-0.069337525
26,54,0.088252261
26,55,0
26,56,0.486922783
26,57,0
26,58,0
26,59,0.3125
26,60,-0.1720618
26,61,-0.311769145
26,62,0
26,63,0.326598632
26,64,0
26,65,0
26,66,0.121267813
26,67,0.200831604
26,68,0.03
26,69,-0.102899151
26,70,-0.25
26,71,-0.108333333
26,72,-0.212132034
26,73,0
26,74,0.036514837
26,75,0
26,76,0
26,77,0.073029674
26,78,0.18
26,79,0.057735027
26,80,0
26,81,-0.256835582
26,82,0.159099026
26,83,0
26,84,-0.302371578
26,85,-0.295803989
26,86,0.497198031
26,89,0.360843918
26,90,0
26,91,-0.35
26,92,0
26,93,-0.080295507
26,94,-0.160815231
26,95,-0.058925565
26,96,-0.872871561
26,97,0.052128604
26,98,-0.188982237
27,1,-0.008333333
27,2,0.12344268
27,3,0
27,4,0.020412415
27,5,-0.360843918
27,6,-0.000121666
27,7,0.22627417
27,8,0.054554473
27,9,-0.553398591
27,10,0
27,11,0
27,12,0
27,13,0
27,14,0.05
27,15,-0.125830574
27,16,0.181901719
27,17,0
27,18,0
27,19,0
27,20,0
27,21,0
27,22,0
27,23,0
27,24,0
27,25,0
27,26,0
27,27,0.057353933
27,28,0.530330086
27,29,0.121267813
27,30,0.141421356
27,31,0
27,32,0
27,33,0.779422863
27,34,-0.5
27,35,0.335410197
27,36,0.05
27,37,-0.233486893
27,38,-0.111803399
27,39,0.244948974
27,40,-0.195079641
27,41,-0.279508497
27,42,0.302371578
27,43,-0.176776695
27,44,0.007715167
27,45,0.03
27,46,0.353553391
27,47,0
27,48,-0.414
27,49,-0.208012574
27,50,0.275567596
27,51,0
27,52,0.196396101
27,53,-0.354474504
27,54,-0.229128785
27,55,0
27,56,0
27,59,0.8
27,60,-0.3
27,61,-0.326598632
27,62,0
27,63,0
27,64,-0.037796447
27,65,0
27,66,0.271108834
27,67,0
27,68,0
27,69,-0.433012702
27,70,0
27,71,-0.577350269
27,72,0
27,75,0.083333333
27,76,0
27,77,-0.315296313
27,78,-0.602166228
27,79,-0.13151919
27,80,0.08660254
27,81,-0.494433298
27,82,0
27,83,0
27,84,0.4
27,85,0
27,86,0
27,87,-0.306186218
27,88,-0.335410197
27,89,-0.223606798
27,90,0
27,91,0
27,92,0.326598632
27,93,0.715541753
27,94,0
27,95,0
27,96,-0.098058068
27,97,-0.402038077
27,98,0.100222966
27,99,0.151185789
27,100,0
27,101,0
27,102,0
27,103,0
27,104,0.491353815
27,105,0
27,106,0.282842712
27,107,0
27,108,0.083333333
27,109,0.020655911
27,110,0.37123106
27,111,0.158113883
27,112,0.204124145
27,113,0.340168026
27,114,-0.223606798
27,115,-0.055901699
27,116,-0.196396101
27,117,0
27,118,0
27,119,0.577350269
27,120,0
27,121,0.547885546
27,122,0
27,123,-0.111803399
27,124,0
27,125,0
27,126,-0.530330086
27,127,-0.434659144
27,128,0
27,129,-0.335410197
27,130,0
27,131,0.4
27,132,-0.301511345
27,133,0
27,134,0.395131664
27,135,0.04
27,136,0.284604989
28,1,0
28,2,-0.102062073
28,3,-0.284018779
28,4,-0.04330127
28,5,-0.43643578
28,6,0.14596009
28,7,-0.43102867
28,8,0
28,9,-0.136930639
28,10,0
28,11,-0.529150262
28,12,0
28,13,0
28,14,-0.11785113
28,15,0.333333333
28,16,0
28,17,0
28,18,0
28,19,0.25
28,20,0
28,21,0
28,22,-0.23570226
28,23,-0.309838668
28,24,0
28,25,0
28,26,0
28,27,0
28,28,0
28,29,0
28,30,-0.424264069
28,31,0
28,32,0.098058068
28,33,0
28,34,0.070710678
28,35,-0.055901699
28,36,0
28,37,-0.2
28,38,0
28,39,0.485362672
28,40,0
28,41,0
28,42,0
28,43,0
28,44,0
28,45,0.115470054
28,46,0.463006479
28,47,0.060633906
28,48,0.280624304
28,49,0.176776695
28,50,0
28,51,0.404145188
28,52,-0.353553391
28,53,0
28,54,0.25
28,55,0.461880215
28,56,-0.188561808
28,57,0
28,58,0
28,59,0
28,60,0
28,61,0
28,62,0.09
28,63,-0.201078821
28,64,-0.252357307
28,65,0
28,66,0
28,67,0
28,68,-0.170560573
28,69,-0.18973666
28,70,-0.134164079
28,71,0.313049517
28,72,0.054554473
28,73,0
28,74,-0.176776695
28,75,0
28,76,-0.3125
28,77,0.282842712
28,78,0
28,79,0.283473355
28,80,0
28,81,0
28,82,0.510252039
28,83,0.4
28,84,1.018233765
28,85,0
28,86,0
28,87,0.12792043
28,88,0.075377836
28,89,0.582435206
28,90,-0.121267813
28,91,-0.130558242
28,92,0
28,93,0
28,94,0
28,95,0
28,111,0
28,112,0
28,118,0.144337567
28,130,0.25
28,151,0
28,152,0
28,165,0.678400525
28,176,-0.056291651
28,177,0
28,178,0
28,179,0.22453656
28,180,0.366666667
28,181,0.237170825
28,182,0.204124145
28,183,0
28,184,0.09701425
28,185,0
28,186,-0.213200716
28,187,0
28,188,-0.43519414
28,189,-0.053300179
28,190,0
28,191,0
28,192,-0.196850197
28,193,-0.221317603
28,194,0
28,195,0.244948974
28,196,0
28,197,-0.221880078
28,198,0.061237244
28,199,-0.130558242
28,200,0.113389342
28,201,0.316227766
28,202,0
28,203,0
28,204,0
28,205,0
28,206,0
28,207,0
28,208,0
28,209,0
28,210,-0.530330086
28,211,0.196396101
28,212,0.007808688
28,213,-0.228747855
28,214,0
28,215,0
28,216,0
28,217,0
29,1,-0.037688918
29,2,-0.066666667
29,3,0.098458869
29,4,0.001601282
29,5,-0.171791138
29,6,0.394565584
29,7,0.569209979
29,8,-0.425210032
29,9,-0.255126019
29,10,0.27136021
29,11,-0.527644853
29,12,-0.301511345
29,13,-0.471404521
29,14,-0.204264872
29,15,-0.223860752
29,16,-0.439726477
29,17,0.132582521
29,18,0.190623213
29,19,0.15
29,20,-0.503041024
29,21,0.481125224
29,22,0
29,23,0
29,24,0.48
29,25,0
29,26,0
29,27,0
29,28,0
29,29,-0.360802677
29,30,0.01767767
29,31,-0.346687623
29,32,0.416666667
29,33,0.094491118
29,34,0
29,35,0.138675049
29,36,0
29,37,0
29,38,-0.083333333
29,39,-0.218643267
29,40,-0.589188304
29,41,0
29,42,0
29,43,-0.353553391
29,44,0.8
29,45,0
29,46,0.102062073
29,47,-0.894892917
29,48,0
29,49,0
29,50,0.070710678
29,51,0
29,52,0.377964473
29,53,0.209960314
29,54,-0.4375
29,55,-0.346590537
29,56,0
29,57,0.151185789
29,58,0.132582521
29,59,0.225
29,60,0
29,61,-0.023145502
29,62,0.15
29,63,-0.680336051
29,64,-0.323296969
29,68,0.181220609
29,69,0
29,70,-0.057353933
29,71,-0.122474487
29,72,-0.125
29,73,0.305595957
29,74,-0.094280904
29,75,-0.28125
29,76,0
29,77,-0.410791918
29,78,0.026111648
29,79,0
29,80,0.058834841
29,81,0.113554995
29,82,0.49004373
29,83,-0.054772256
29,84,0.019611614
29,85,-0.269407953
29,86,-0.1
29,87,-0.309711241
29,91,0.058925565
