element_id,sentence_id,sentiment
1,1,0.387942916
1,2,0.014677194
1,3,0.240119458
1,4,0.107331145
1,5,0.350419949
1,6,-0.057208091
1,7,0.031427352
1,8,0.226650241
1,9,0.035743527
1,10,-0.154541766
1,11,0.286002371
1,12,0.516941954
1,13,-0.018193491
1,14,0.097414122
1,15,-0.019571196
1,16,0.01353913
1,17,0.595645506
1,18,0.078168655
1,19,-0.143167513
1,20,0.007024228
1,21,0.113402303
1,22,0.005755428
1,23,0.001017256
1,24,0.180559605
1,25,-0.06723247
1,26,-0.428031073
1,27,0.146336699
1,28,0.148834909
1,29,0.02476465
1,30,0.33889056
1,31,0.231232489
1,32,0
1,33,0
1,34,-0.083405766
1,35,0.14667316
1,36,-0.101716099
1,37,0
1,38,-0.238010758
1,39,0.253940382
1,40,0.005253474
1,41,0.034090723
1,42,0.540950856
1,43,0.707708677
1,44,0.363350191
1,45,0.127482299
1,46,0
1,47,0.099105457
1,48,-0.059049804
1,49,0.343625496
1,50,0.121771027
1,51,0.160375075
1,52,0.273272219
1,53,0.215803236
1,54,0.145286281
1,55,0.210957447
1,56,-0.255871629
1,57,0
1,58,-0.05559203
1,59,0
1,60,0.284226674
1,61,0.068107736
1,62,0.370324979
1,63,0
1,64,0.148478468
1,65,-0.096580874
1,66,0.483357185
1,67,0.066610874
1,68,-0.103147248
1,69,0.131992074
1,70,0.058396719
1,71,-0.074681898
1,72,-0.134742014
1,73,0.23865172
1,74,-0.021041721
1,75,0.191808442
1,76,0.302417187
1,77,0.201914962
1,78,0.301298389
1,79,0.018630859
1,80,0.056275501
1,81,-0.14318101
1,82,0.067504269
1,83,-0.056290006
1,84,-0.19565638
1,85,0.023599827
1,86,0.118928991
1,87,0.481675852
1,88,0.28819279
1,89,0.167506303
1,90,0.134327863
1,91,-0.141718154
2,1,0.262961743
2,2,0.073373457
2,3,0.150654589
2,4,0.006021702
2,5,-0.031762661
2,6,-0.069692891
2,7,0.235664844
2,8,-0.020088467
2,9,0.157300566
2,10,-0.007723556
2,11,-0.309724475
2,12,0.083585266
2,13,0.226804606
2,14,0.440575882
2,15,0.04567682
2,16,-0.136082763
2,17,0
2,18,0.062122208
2,19,0
2,20,-0.055923112
2,21,-0.053274786
2,22,-0.067982836
2,23,-0.060202916
2,24,0.263500852
2,25,0.70774143
2,26,-0.011352005
2,27,0.447213596
2,28,0.311386146
2,29,-0.107367095
2,30,-0.240485013
2,31,0.146702912
2,32,0
2,33,0.205520664
2,34,0.132766369
2,35,0
2,36,0
2,37,0
2,38,0
2,39,0.00669401
2,40,0
2,41,0
2,42,0
2,43,0
2,44,0
2,45,0
2,46,0.064826699
2,47,-0.40779816
2,48,-0.03338718
2,49,0.015191551
2,50,0
2,51,0.119198249
2,52,0.294337022
2,53,-0.161006456
2,54,0.016292214
2,55,0.052551509
2,56,-0.133333333
2,57,0
2,58,0
2,59,0.045448656
2,60,0.290612783
2,61,0.288675135
2,62,0.041845329
2,63,0
2,64,-0.107749321
2,65,-0.026951507
2,66,0
2,67,0
2,68,0.226804606
2,69,-0.06779661
2,70,0.08124276
2,71,0.068350089
2,72,0
2,73,0
2,74,-0.193973635
2,75,0
2,76,0.239593337
2,77,0.178679326
2,78,-0.025298675
2,79,0.125173333
2,80,-0.170480659
2,81,0.083968825
2,82,0.143443828
2,83,0
2,84,-0.287884384
2,85,-0.022578852
2,86,0.053419021
2,87,-0.222286997
2,88,-0.216574294
2,89,0.13607918
2,90,-0.090303335
2,91,-0.046258634
2,92,0.076533611
2,93,0.049031471
2,94,0.264695365
2,95,-0.038539807
2,96,-0.054420725
2,97,0.017835755
2,98,-0.02259887
2,99,0
2,100,0
2,101,0.161600573
2,102,-0.061248734
2,103,0.149513241
2,104,-0.020731564
2,105,0
2,106,-0.083819402
2,107,0.299076269
2,108,0
2,109,-0.171474716
2,110,0.051548749
2,111,0.342103793
2,112,0.253571679
2,113,-0.733061872
2,114,-0.055271743
2,115,0.152531952
2,116,0
2,117,0.169058603
2,118,0.070966609
2,119,0.102433667
2,120,-0.17314135
2,121,-0.259209216
2,122,0
2,123,0.037421838
2,124,0.278420754
2,125,0.278454668
3,1,-0.010470344
3,2,0.47465661
3,3,0.143543101
3,4,0
3,5,0.085309542
3,6,-0.669334888
3,7,0
3,8,-0.059834551
3,9,0
3,10,0.189736659
3,11,0.036260008
3,12,0.309403068
3,13,0.561704149
3,14,0.096225045
3,15,0
3,16,0
3,17,0.051876443
3,18,-0.102240305
3,19,-0.072294555
3,20,0.009062351
3,21,-0.044904317
3,22,0.118351673
3,23,0.32075015
3,24,-0.215786089
3,25,0
3,26,0.157355741
3,27,0.29924391
3,28,-0.025771328
3,29,-0.20386662
3,30,-0.099380799
3,31,0.058622463
3,32,0.20358642
3,33,0.041059553
3,34,-0.226388404
3,35,-0.104789888
3,36,-0.143194715
3,37,-0.145546576
3,38,0.065534187
3,39,0
3,40,0.318105168
3,41,-0.149769053
3,42,0.111738319
3,43,0.008257252
3,44,-0.213708469
3,45,-0.089686485
3,46,-0.125524946
3,47,0.043579343
3,48,0
3,49,0
3,50,-0.030064411
3,51,0.076493503
3,52,-0.051335749
3,53,0.055555556
3,54,0.141421356
3,55,-0.097235032
3,56,-0.023188489
3,57,-0.17953899
3,58,-0.045766029
3,59,0.143543101
3,60,0.227961228
3,61,0
3,62,0.423275972
3,63,0
3,64,0
3,65,-0.183846495
3,66,0.008311179
3,67,0.539060893
3,68,-0.021265734
3,69,0.126153372
3,70,0.136082763
3,71,0
3,72,0.642057677
3,73,0.123346958
3,74,0.144664203
3,75,-0.019335721
3,76,0.207869855
3,77,0
3,78,0
3,79,0.209980263
3,80,0.179025282
3,81,-0.099804184
3,82,0.08473436
3,83,0
3,84,0.388888889
3,85,0.19245009
3,86,0.48077079
3,87,0.250422268
3,88,0
3,89,0.207869855
3,90,-0.068499185
3,91,0.059374925
3,92,-0.052341062
3,93,0
3,94,-0.185454776
3,95,0
3,96,0
3,97,0.015379379
3,98,0
3,99,0.36272275
3,100,0.209980263
3,101,0
3,102,0.107385532
3,103,0
3,104,0.194535382
3,105,0.428023879
3,106,-0.10604115
3,107,0
3,108,0
3,109,-0.004932561
3,110,0
3,111,0.260027895
3,112,-0.215716743
3,113,0.107793611
3,114,0.123695425
3,115,-0.156501178
3,116,-0.150343032
3,117,0.024306587
3,118,0.157180463
3,119,-0.16176737
3,120,0
3,121,0.151987854
3,122,-0.473670849
3,123,0.411313579
3,124,-0.227624326
3,125,-0.105925766
3,126,0.038903375
3,127,0.34618504
3,128,-0.027554674
3,129,0.186852325
3,130,-0.06990663
3,131,0.115934027
3,132,-0.018926382
3,133,0.06415003
3,134,0.264272968
3,135,0
3,136,0
3,137,-0.004617856
3,138,-0.059773622
3,139,0.035101488
4,1,-0.128612185
4,2,-0.015644508
4,3,-0.027079435
4,4,-0.068972984
4,5,0.011692998
4,6,0.062310905
4,7,-0.338636937
4,8,-0.052574877
4,9,0.327435132
4,10,-0.136334719
4,11,0.161867851
4,12,-0.008848268
4,13,-0.144572401
4,14,0.075205287
4,15,0.022195862
4,16,0.062560934
4,17,-0.04179523
4,18,-0.101004707
4,19,0.235702261
4,20,-0.165331182
4,21,-0.116860722
4,22,0
4,23,0
4,24,-0.199623352
4,25,-0.313034389
4,26,0
4,27,0.190337011
4,28,0.208070375
4,29,0.148478468
4,30,-0.170477777
4,31,0.008760752
4,32,0.070751192
4,33,-0.08064645
4,34,0.056080265
4,35,-0.297294824
4,36,0.013434904
4,37,0.180118928
4,38,0.353338877
4,39,0.150506423
4,40,-0.22712903
4,41,-0.110080348
4,42,-0.08380534
4,43,-0.022739707
4,44,-0.142801198
4,45,0.081448387
4,46,0.086508738
4,47,0
4,48,0.120892867
4,49,-0.005588606
4,50,0
4,51,-0.189491728
4,52,-0.082011254
4,53,0.142597588
4,54,0.265408553
4,55,0
4,56,0.088535056
4,57,-0.274523521
4,58,0.04106627
4,59,-0.081546314
4,60,0.057194623
4,61,0
4,62,-0.113756962
4,63,0.149498123
4,64,0
4,65,0.045440544
4,66,0.014193322
4,67,0.00910482
4,68,-0.052904692
4,69,-0.086066296
4,70,0.113859581
4,71,0.076036508
4,72,0.002618937
4,73,-0.010963611
4,74,0
4,75,-0.06611265
4,76,0
4,77,-0.07856742
4,78,-0.223220358
4,79,0.405570055
4,80,0
4,81,0.288675135
4,82,0.038946662
4,83,0
4,84,0
4,85,0
4,86,0
4,87,-0.12791602
4,88,0
5,1,0.444990339
5,2,-0.010393863
5,3,0
5,4,-0.031326346
5,5,0
5,6,0
5,7,0.202441971
5,8,0
5,9,0.045979379
5,10,0
5,11,-0.115841341
5,12,0.095384217
5,13,0.043264473
5,14,0.077330583
5,15,0.014578428
5,16,0.164595104
5,17,-0.000650977
5,18,0.05670552
5,19,0.018235068
5,20,0
5,21,0.291362935
5,22,0
5,23,-0.061230901
5,24,0.177561764
5,25,0
5,26,0.172039243
5,27,0
5,28,-0.041799842
5,29,-0.198089493
5,30,0.506508272
5,31,0.0839643
5,32,0.023688968
5,33,0.160107281
5,34,-0.437594178
5,35,0.204793308
5,36,-0.041940734
5,37,-0.04800721
5,38,0.109852742
5,39,0.467548958
5,40,0.23800666
5,41,-0.065169462
5,42,0.0496904
5,43,0.010316761
5,44,0
5,45,0
5,46,0
5,47,0
5,48,0.347734875
5,49,0.016538894
5,50,-0.081134719
5,51,0.107259302
5,52,-0.029102284
5,53,0.223118264
5,54,0.1627079
5,55,-0.119922517
5,56,0
5,57,0.273561865
5,58,0
5,59,-0.091076847
5,60,0
5,61,-0.023969721
5,62,-0.388352321
5,63,0.014423159
5,64,0.101288224
5,65,0.219828727
5,66,0
5,67,0
5,68,0
5,69,0
5,70,0
5,71,0
5,72,0
5,73,0
5,74,0
5,75,0
5,76,0
5,77,0.259259259
5,78,0
5,79,0
5,80,0
5,81,0
5,82,0
5,83,0
5,84,0
5,85,0
5,86,0.085706486
5,87,0.118704212
5,88,0.327181658
5,89,0.13535421
5,90,0.081997356
5,91,0.023542955
5,92,0
5,93,0
5,94,0
5,95,0.082059527
5,96,0.070272837
6,1,-0.101656682
6,2,0
6,3,-0.012562064
6,4,-0.134025696
6,5,-0.100476611
6,6,-0.055412123
6,7,-0.112062944
6,8,0.166001631
6,9,-0.085352634
6,10,0.172572203
6,11,-0.139693222
6,12,0.173916398
6,13,0
6,14,0.332104397
6,15,-0.074452
6,16,0
6,17,0
6,18,0
6,19,0
6,20,0
6,21,0.079858297
6,22,0.174940059
6,23,-0.04535374
6,24,-0.351513956
6,25,-0.034348828
6,26,0.101310802
6,27,-0.347832797
6,28,0
6,29,-0.301511345
6,30,0
6,31,0
6,32,-0.113591745
6,33,0
6,34,-0.103734574
6,35,-0.166666667
6,36,0.394817822
6,37,-0.074204537
6,38,-0.45082811
6,39,-0.481600627
6,40,-0.020317459
6,41,-0.021298015
6,42,0.017710311
6,43,-0.013992142
6,44,-0.211403858
6,45,0
6,46,0
6,47,0
6,48,-0.165472617
6,49,-0.033940995
6,50,-0.074589825
6,51,0.318969112
6,52,-0.197866617
6,53,0.242535625
6,54,0.114441676
6,55,-0.169332448
6,56,0.014486605
6,57,0.183680516
6,58,-0.004849286
6,59,0.070617654
6,60,0.183506218
6,61,-0.090692844
6,62,-0.160533502
6,63,-0.111111111
6,64,0
6,65,-0.175609707
6,66,0.192876341
6,67,0
6,68,0
6,69,0.037231947
6,70,-0.024233356
6,71,0.007024228
6,72,0.0492206
6,73,-0.134503405
6,74,-0.06799765
6,75,0.255560022
6,76,0.057745135
6,77,0
6,78,0
6,79,0
6,80,0
6,81,0
6,82,0
6,83,0.234216873
6,84,-0.357602753
6,85,-0.206492894
6,86,0.009330666
6,87,0.111111111
6,88,0
6,89,-0.105030057
6,90,0
6,91,0.052756617
6,92,-0.035084405
6,93,0.019245009
6,94,0.137093863
6,95,0.015020679
6,96,-0.073428585
6,97,0.035179321
7,1,0.041241279
7,2,0
7,3,-0.106159843
7,4,-0.097967963
7,5,0.041996053
7,6,-0.053407423
7,7,0.051647091
7,8,0.214692743
7,9,-0.066666667
7,10,0.164568155
7,11,0.014142352
7,12,0.016893146
7,13,0.148441105
7,14,0
7,15,0.35250018
7,16,0.062413171
7,17,0.322010238
7,18,0.46409367
7,19,0.476189587
7,20,-0.238073953
7,21,0.117373311
7,22,0
7,23,0.001249384
7,24,0.355011293
7,25,0
7,26,-0.021168098
7,27,0
7,28,0.126088211
7,29,0.273877583
7,30,0.257639836
7,31,0
7,32,-0.020148398
7,33,0.19209475
7,34,-0.009835947
7,35,0.486758576
7,36,0.010886855
7,37,0.15234459
7,38,0.148540104
7,39,-0.035519491
7,40,0.04110471
7,41,0
7,42,-0.132463116
7,43,0.009282559
7,44,-0.071066905
7,45,-0.079824579
7,46,0.113788762
7,47,0
7,48,-0.11299435
7,49,-0.014204691
7,50,0.11431286
7,51,0
7,52,0.062060104
7,53,0
7,54,0
7,55,0.476619367
7,56,-0.012748917
7,57,0.025497835
7,58,0.20754157
7,59,-0.065759595
7,60,0
7,61,0
7,62,0.211100937
7,63,0
7,64,0
7,65,0
7,66,0.028183288
7,67,0
7,68,0
7,69,0
7,70,0
7,71,-0.184466197
7,72,0.047944199
7,73,-0.248451998
7,74,0.170703112
7,75,-0.283282443
7,76,0.302792757
7,77,0.169523322
7,78,-0.073043529
7,79,0.29949042
7,80,-0.260392273
7,81,-0.121717373
7,82,0
7,83,0
7,84,0.139773852
7,85,0.080559106
7,86,0.088960086
7,87,0.424158077
7,88,0.059810915
7,89,0.066299164
7,90,-0.164275475
7,91,0
7,92,-0.077831876
7,93,0.23037069
7,94,0
7,95,0.146138503
7,96,0.29924391
7,97,0
7,98,0
7,99,0
7,100,0
7,101,0.072302335
7,102,0
7,103,0
7,104,0
7,105,0.153902617
7,106,0
7,107,0
7,108,0
8,1,0.052156082
8,2,0
8,3,0
8,4,0
8,5,-0.061237033
8,6,0.404273182
8,7,0.263697966
8,8,0.219167522
8,9,-0.085846521
8,10,0
8,11,0.074936266
8,12,-0.086445848
8,13,0
8,14,-0.19840388
8,15,0
8,16,0.167338725
8,17,0.096623035
8,18,0
8,19,0
8,20,-0.031752147
8,21,-0.0318945
8,22,0.129633404
8,23,0.231793336
8,24,-0.1
8,25,0
8,26,0
8,27,0
8,28,0
8,29,0
8,30,0.048533934
8,31,0.007924398
8,32,0.181232762
8,33,0.166199053
8,34,0.20090721
8,35,0.118099398
8,36,0.066091352
8,37,0.113317381
8,38,0
8,39,-0.140386471
8,40,0.298801872
8,41,-0.041524737
8,42,0.187484292
8,43,0.355600466
8,44,0
8,45,0
8,46,0
8,47,0
8,48,0.12326671
8,49,0
8,50,0.293972368
8,51,0
8,52,0
8,53,0
8,54,0.092249341
8,55,0.248451998
8,56,0
8,57,0
8,58,0.125988158
8,59,0
8,60,-0.097077541
8,61,0
8,62,0
8,63,0
8,64,-0.018739539
8,65,0.011099068
8,66,-0.062586667
8,67,-0.079212115
8,68,0.669326514
8,69,0.066162882
8,70,0.874101514
8,71,-0.101713348
8,72,0.261304227
8,73,0
8,74,0.26433225
8,75,-0.015910296
8,76,0
8,77,0.248451998
8,78,-0.192555104
8,79,0
8,80,0
8,81,0
8,82,0.005390956
8,83,0.277777778
8,84,-0.082710636
8,85,-0.146090855
8,86,0
8,87,0
8,88,-0.07444096
8,89,0.033156486
8,90,0.29192018
8,91,0.248451998
8,92,0.159169307
8,93,0.364614966
8,94,-0.005074014
8,95,-0.038990595
8,96,0.136892009
8,97,0.609722941
8,98,0.080845209
8,99,0
8,100,0.15
8,101,0.403445368
8,102,0.180747452
8,103,0
8,104,0.227389376
8,105,0.219915057
8,106,-0.371043076
8,107,0.023749779
8,108,0
8,109,-0.055252657
8,110,0
8,111,0.441499884
8,112,0
8,113,0.162684843
8,114,0.119388784
8,115,0.056275501
8,116,0.082285262
8,117,-0.010669637
8,118,0
8,119,0.059868434
8,120,-0.139089939
8,121,-0.400506775
8,122,-0.45734252
8,123,0.019223942
8,124,-0.067398973
8,125,0
8,126,-0.084808514
8,127,0.001932642
8,128,-0.274557184
8,129,0.064965496
8,130,-0.173297917
8,131,0
8,132,0.12983962
8,133,0.11881583
8,134,-0.222196032
8,135,0.022081773
8,136,-0.041581686
9,1,-0.242958618
9,2,0.051797158
9,3,0.14271622
9,4,0.00496291
9,5,-0.215411121
9,6,0.02011645
9,7,-0.328701678
9,8,-0.082239548
9,9,-0.052121172
9,10,-0.103294954
9,11,-0.121232161
9,12,0.291558281
9,13,0.364369943
9,14,0.021480574
9,15,-0.276499128
9,16,0
9,17,0.131198463
9,18,0.231877215
9,19,0
9,20,0.389899644
9,21,0
9,22,-0.051645616
9,23,-0.219300716
9,24,0
9,25,-0.239935716
9,26,-0.070322163
9,27,0.055763186
9,28,0
9,29,0
9,30,0.222238288
9,31,-0.029097292
9,32,0
9,33,-0.125949334
9,34,-0.077617626
9,35,0
9,36,0.101962548
9,37,-0.065386996
9,38,-0.200022506
9,39,-0.121441334
9,40,-0.134885288
9,41,-0.402492236
9,42,0.042911517
9,43,-0.206404705
9,44,-0.023188489
9,45,0.105975884
9,46,-0.181677825
9,47,0
9,48,0.080243813
9,49,0.196707121
9,50,-0.055805495
9,51,0.100859038
9,52,0
9,53,0.126036173
9,54,0
9,55,-0.09737068
9,56,0
9,57,0
9,58,-0.054607526
9,59,0.061308029
9,60,-0.15915118
9,61,0.003885268
9,62,0
9,63,-0.228330615
9,64,0
9,65,-0.167710833
9,66,0.226804606
9,67,0.366231389
9,68,0.526225074
9,69,-0.010428926
9,70,-0.053467149
9,71,0.102085345
9,72,0.039149507
9,73,0.140046982
9,74,-0.123950351
9,75,-0.039924056
9,76,0
9,77,-0.019706281
9,78,0.213720681
9,79,0.097246396
9,80,0.231914911
9,81,-0.028550767
9,82,0.047674035
9,83,-0.017585243
9,84,-0.039582562
9,85,-0.23570226
9,86,0.111111111
9,87,0.038340361
9,88,0.249198374
9,89,0
9,90,0.076524569
9,91,0.020967869
9,92,0.522132577
9,93,-0.833027519
9,94,-0.123199129
9,95,-0.128447642
9,96,0.241221957
9,97,0
9,98,0
9,99,0.216068366
9,100,-0.479435793
9,101,0.089917083
9,102,-0.259152828
9,103,0.06123882
9,104,-0.079019791
9,105,0.042167583
9,106,-0.193306057
9,107,-0.1
9,108,-0.120730203
9,109,0.129647762
9,110,0
9,111,0.005125584
9,112,-0.050215914
9,113,0.129525867
9,114,0.332104397
9,115,0.326753389
9,116,-0.303223784
9,117,0.026499726
9,118,0
9,119,0.017665418
9,120,0.481106731
9,121,0.10904868
10,1,0.481198122
10,2,-0.080312572
10,3,-0.148004745
10,4,-0.255795138
10,5,0.161371924
10,6,0
10,7,-0.096831858
10,8,-0.015272014
10,9,0.176535105
10,10,0
10,11,-0.140043153
10,12,0.117255612
10,13,0.014721182
10,14,0
10,15,0
10,16,-0.146986184
10,17,0.036711123
10,18,0.036776213
10,19,-0.10256092
10,20,0.090108515
10,21,-0.085324287
10,22,0
10,23,0.046482979
10,24,-0.078647556
10,25,0
10,26,0.150677136
10,27,0.212555571
10,28,0.008968258
10,29,0.369800131
10,30,0
10,31,0.02697108
10,32,0
10,33,0.089701313
10,34,0.116626971
10,35,0.108403287
10,36,0.048479424
10,37,0.248041482
10,38,0.347953548
10,39,0.064112358
10,40,0.136558412
10,41,0.035630736
10,42,0.078989928
10,43,0
10,44,0
10,45,0
10,46,0.135135983
10,47,0.275801741
10,48,-0.117633211
10,49,0.138657585
10,50,-0.222967374
10,51,-0.162373889
10,52,-0.009955454
10,53,-0.274520115
10,54,-0.119240975
10,55,0.117854299
10,56,-0.057969935
10,57,0.136082764
10,58,0
10,59,0.071989655
10,60,-0.152632941
10,61,-0.327787098
10,62,0
10,63,-0.027790528
10,64,0
10,65,0.32075015
10,66,-0.057808043
10,67,-0.094235176
10,68,0.008752609
10,69,0.140628246
10,70,-0.347444139
10,71,-0.303198458
10,72,-0.125524946
10,73,0.630205085
10,74,-0.01837958
10,75,-0.30342294
10,76,0.153942196
10,77,0.041381489
10,78,0
10,79,0.176268965
10,80,0.457892554
10,81,0.07147279
10,82,0
10,83,0
10,84,0.031149157
10,85,0.086561996
10,86,0
10,87,0.291774941
10,88,0.008765568
10,89,0
10,90,0
10,91,0.021040916
10,92,7.50E-06
11,1,0.248451998
11,2,-0.121161782
11,3,0.231124385
11,4,-0.02398375
11,5,0.211227512
11,6,-0.067997846
11,7,0
11,8,0
11,9,0.201007563
11,10,0.172520549
11,11,0
11,12,0.274822812
11,13,-0.364232315
11,14,-0.110252998
11,15,-0.213875628
11,16,-0.018633698
11,17,0.299902525
11,18,0.207028436
11,19,0.084615983
11,20,0.082903224
11,21,0.05471293
11,22,0
11,23,0
11,24,0.223606798
11,25,-0.406275901
11,26,0
11,27,0
11,28,0
11,29,0.120503458
11,30,0.550798642
11,31,0.257564518
11,32,0.211265299
11,33,0.291473687
11,34,0.122540937
11,35,-0.021439171
11,36,0.016078756
11,37,0.137267382
11,38,-0.19245009
11,39,0
11,40,0.062717944
11,41,0.471404521
11,42,0.094546813
11,43,-0.202230315
11,44,0.131220526
11,45,0
11,46,0.08505828
11,47,0.007932007
11,48,0.024972922
11,49,-0.096225045
11,50,0.065942329
11,51,0
11,52,0
11,53,0.449796272
11,54,0.131534008
11,55,0.334252767
11,56,0
11,57,0
11,58,0
11,59,0.0262138
11,60,0.377964473
11,61,0.053246614
11,62,0.018630859
11,63,-0.100334836
11,64,0.201272863
11,65,-0.139161934
11,66,0
11,67,-0.055663668
11,68,0
11,69,0
11,70,0.038069552
11,71,0
11,72,0.032881985
11,73,0.091777808
11,74,0.09668448
11,75,-0.119508443
11,76,0
11,77,0
11,78,0
11,79,0.030344976
11,80,0.075592895
11,81,0
11,82,0.25660012
11,83,0.301117959
11,84,-0.051854801
11,85,-0.055162681
11,86,-0.130262117
11,87,0.011402978
11,88,0.041993572
11,89,-0.083992105
11,90,0.346395442
11,91,0.255447284
11,92,0.054763561
11,93,0.450803071
11,94,0
11,95,0.447213595
11,96,0
11,97,0.377964473
11,98,0.40824829
11,99,0
11,100,0.212132034
11,101,0
11,102,0
11,103,0.145138836
11,104,0.197293973
11,105,0.272789119
11,106,-0.046359779
11,107,0.032834094
11,108,0
11,109,-0.142752209
11,110,0.112656
11,111,0.293225095
11,112,0
11,113,0.495062905
11,114,0.088621496
11,115,-0.377964473
11,116,0.308377775
11,117,0.060875754
11,118,-0.053462643
11,119,0.111111111
11,120,0.093963595
11,121,0.159064735
11,122,-0.209305433
11,123,0.086094751
11,124,-0.17349575
11,125,0.10694995
11,126,0
11,127,0
11,128,0
11,129,0
11,130,0
11,131,0
11,132,-0.123999632
11,133,0
11,134,-0.033898305
12,1,0.804984472
12,2,-0.027750096
12,3,0.057524319
12,4,-0.014548646
12,5,0
12,6,0.006438392
12,7,0
12,8,0
12,9,0
12,10,0
12,11,0
12,12,0
12,13,0.215716743
12,14,0
12,15,-0.004571665
12,16,0.251976315
12,17,-0.309227837
12,18,0
12,19,0.204303846
12,20,0.111111111
12,21,0.194382245
12,22,0
12,23,0
12,24,0
12,25,0.209134178
12,26,0.041511202
12,27,0.120372165
12,28,0.055830431
12,29,0.325285421
12,30,0
12,31,0.098209275
12,32,0.11637883
12,33,0.046209767
12,34,0.263970728
12,35,0
12,36,0
12,37,0.146612548
12,38,0.338679949
12,39,0.210262305
12,40,0.082919731
12,41,0
12,42,-0.088003402
12,43,0.019564703
12,44,-0.11258046
12,45,0.080115389
12,46,-0.024008645
12,47,0.369621394
12,48,0.45476005
12,49,0.107822276
12,50,0.162177878
12,51,0
12,52,0
12,53,0.01597918
12,54,0
12,55,0.336314321
12,56,-0.005900927
12,57,0.00278627
12,58,-0.000702637
12,59,0.416660517
12,60,-0.093220339
12,61,0
12,62,0.215162246
12,63,0.023201361
12,64,0
12,65,-0.028779145
12,66,0.050395758
12,67,0
12,68,0.084629514
12,69,-0.038272862
12,70,0
12,71,-0.066581402
12,72,0.086603723
12,73,-0.003962699
12,74,0.044260461
12,75,-0.094677751
12,76,0.016493182
12,77,0.414531713
12,78,0
12,79,-0.039560299
12,80,-0.002731305
12,81,0
12,82,0.082878621
12,83,0.058712654
12,84,0.613701953
12,85,0
12,86,0.062526987
12,87,-0.061844374
12,88,0.220254473
12,89,0.058867514
12,90,0
12,91,0
12,92,-0.23844404
12,93,0.402963088
12,94,0.006645486
12,95,0.064316307
12,96,0
12,97,0
12,98,0
12,99,-0.300996621
12,100,0.020885988
12,101,-0.000245687
12,102,0
12,103,0
12,104,0.151208783
12,105,0.162945418
12,106,0.014187868
12,107,0.112976154
12,108,-0.040846674
12,109,0.055020156
12,110,-0.262468449
12,111,-0.133377414
12,112,0.531758208
12,113,0.123825442
12,114,0
12,115,0.165692857
12,116,0
12,117,-0.017174355
12,118,0.000736846
12,119,0.017155367
12,120,0.224230461
12,121,-0.128081201
12,122,0.020044397
12,123,0.032155727
12,124,0
12,125,0.12194
12,126,-0.086385993
12,127,0
12,128,0.003581774
12,129,-0.07629142
12,130,0.012843571
12,131,0
12,132,0
12,133,0
12,134,0.105605949
12,135,0.094957259
12,136,-0.154665081
12,137,0.13319055
13,1,0.041440261
13,2,0.055886157
13,3,0.168877008
13,4,0.26870983
13,5,0
13,6,-0.119047104
13,7,0
13,8,0
13,9,0
13,10,-0.076471911
13,11,0
13,12,0
13,13,0.062586667
13,14,0
13,15,0
13,16,0.132766369
13,17,0.010022073
13,18,0
13,19,-0.072773181
13,20,0.107585334
13,21,-0.08323135
13,22,0
13,23,-0.031795653
13,24,0.003388284
13,25,0
13,26,-0.115604057
13,27,0.155226716
13,28,0
13,29,0
13,30,-0.092436037
13,31,-0.036419411
13,32,0.181724924
13,33,0.120778751
13,34,0.002632156
13,35,0
13,36,0.172228069
13,37,0.018058244
13,38,0.718398871
13,39,0.226729896
13,40,0.016912707
13,41,0.056099437
13,42,0
13,43,-0.242514011
13,44,-0.054414615
13,45,0.660567803
13,46,0.082984967
13,47,0
13,48,0
13,49,0
13,50,0
13,51,0
13,52,0
13,53,0
13,54,0.045150665
13,55,0.103106493
13,56,0.307213172
13,57,-0.12002936
13,58,-0.01521411
13,59,0.125281558
13,60,0.277777778
13,61,0
13,62,0.197003093
13,63,0
13,64,0
13,65,0.150787342
13,66,-0.013118603
13,67,0.014899815
13,68,0.084464809
13,69,-0.009762636
13,70,0.050554848
13,71,0.030967389
13,72,0
13,73,0.422201874
13,74,0.195505918
13,75,-0.11785113
13,76,-0.009937908
13,77,-0.033694738
13,78,0.119957613
13,79,0
13,80,-0.007903482
13,81,0
13,82,-0.047409851
13,83,0.061185205
13,84,-0.118444843
13,85,0.135662431
13,86,0
13,87,0
13,88,0
13,89,0.202574366
13,90,0.360283029
13,91,0.510446866
13,92,0.169725026
13,93,0.017691532
13,94,0.092990628
13,95,0
13,96,0
13,97,0
13,98,-0.164070161
13,99,-0.075592895
13,100,0
13,101,0
13,102,-0.044198379
13,103,0.259219201
13,104,0.273655913
13,105,0
13,106,0.113481888
13,107,0.010462393
14,1,0.069231533
14,2,0.273655913
14,3,-0.060019008
14,4,0.033588481
14,5,0.362835818
14,6,0.164218359
14,7,0
14,8,0.02749796
14,9,-0.109934087
14,10,-0.337446144
14,11,-0.02562471
14,12,-0.1161895
14,13,-0.183437216
14,14,-0.07399392
14,15,-0.353553391
14,16,0.043361558
14,17,0.006133428
14,18,-0.01992914
14,19,0.292162567
14,20,0
14,21,0
14,22,0.162734704
14,23,-0.25660012
14,24,-0.201378262
14,25,0.224453718
14,26,0
14,27,0
14,28,0.322562913
14,29,0
14,30,-0.290274837
14,31,-0.402057874
14,32,0
14,33,-0.378876192
14,34,0.007258923
14,35,-0.028629001
14,36,-0.416407327
14,37,0
14,38,0.004950573
14,39,-0.459533161
14,40,0
14,41,0.129040198
14,42,-0.097560567
14,43,0.134005042
14,44,-0.044925496
14,45,-0.053507609
14,46,0.063038773
14,47,0.180356935
14,48,-0.175146547
14,49,-0.317315406
14,50,-0.049868341
14,51,0.147487944
14,52,0
14,53,0.139669388
14,54,0.218166134
14,55,0.312448
14,56,-0.036970379
14,57,-0.045112292
14,58,0.684184809
14,59,0.646222616
14,60,0.157420116
14,61,0.017869155
14,62,0
14,63,0
14,64,0.438650463
14,65,0.013141128
14,66,0.215314651
14,67,0.550119294
14,68,0
14,69,0.647995268
14,70,0
14,71,-0.295125
14,72,0.24821408
14,73,0
14,74,0.364730793
14,75,0.252556604
14,76,0.07620841
14,77,-0.025819889
14,78,0.008038932
14,79,-0.540713303
14,80,-0.066666667
14,81,-0.010759116
14,82,0
14,83,0
14,84,0.255734212
14,85,0.003546749
14,86,0.060627699
14,87,0.001171891
14,88,-0.015023257
14,89,0.383481126
14,90,0.125125969
14,91,0.324818442
14,92,0.304419909
14,93,0.156392887
14,94,0.326474978
14,95,0.090277919
14,96,-0.152443187
15,1,0.120310525
15,2,-0.114244891
15,3,0.175792915
15,4,0.125988158
15,5,-0.221880078
15,6,-0.002893721
15,7,0
15,8,0.080619199
15,9,-0.004053957
15,10,0
15,11,0.05694397
15,12,0.211550751
15,13,0.272120649
15,14,0.118904077
15,15,-0.157476543
15,16,0.212175801
15,17,-0.010366806
15,18,-0.029433591
15,19,0
15,20,0
15,21,0.034201551
15,22,0.29536913
15,23,-0.297245692
15,24,-0.24596376
15,25,-0.003082379
15,26,5.80E-05
15,27,-0.106759858
15,28,0.015664318
15,29,0.488795352
15,30,0.003737155
15,31,0
15,32,-0.132928945
15,33,0.095581769
15,34,-0.015402765
15,35,0.108509959
15,36,0
15,37,0
15,38,0.166666667
15,39,0.211597398
15,40,-0.198175194
15,41,0.676084844
15,42,0.055230009
15,43,-0.134742014
15,44,0.382759976
15,45,0
15,46,0.273288323
15,47,0.080240736
15,48,0.110079573
15,49,0.073610585
15,50,0
15,51,0.231348294
15,52,0
15,53,-0.222525406
15,54,-0.02767785
15,55,0
15,56,0.173027798
15,57,0
15,58,-0.202931394
15,59,-0.160375075
15,60,0.004737794
15,61,-0.21422182
15,62,0.08505828
15,63,-0.047273617
15,64,0
15,65,0.089087081
15,66,-0.093878893
15,67,-0.008921299
15,68,0
15,69,-0.175813983
15,70,0
15,71,-0.032075015
15,72,-0.060223054
15,73,-0.008940152
15,74,-0.051629341
15,75,0
15,76,0
15,77,0
15,78,0
15,79,-0.124456657
15,80,0
15,81,0.321993789
15,82,-0.048750503
15,83,0.148478468
15,84,0.090751489
15,85,0.549971941
15,86,-0.011159973
15,87,0
15,88,0
15,89,-0.238540491
15,90,0
15,91,0.303501582
15,92,0.353170009
15,93,0.264292099
15,94,0.337736935
15,95,0.043867282
15,96,0.115841341
15,97,0.725403298
15,98,-0.067363429
15,99,0.124225999
15,100,0.071569812
16,1,0.010140862
16,2,0
16,3,0.08505828
16,4,0.049569452
16,5,-0.082262595
16,6,0.105599876
16,7,0.700921009
16,8,0.170730799
16,9,0.167007716
16,10,-0.158321094
16,11,-0.007078488
16,12,0.012248763
16,13,0.021043293
16,14,-0.000977896
16,15,0
16,16,-0.393592735
16,17,0
16,18,0.329928454
16,19,0.828747374
16,20,-0.045659982
16,21,0.513905606
16,22,0.028010486
16,23,-0.353553391
16,24,-0.395166957
16,25,0.016013738
16,26,0.325008167
16,27,0.139510933
16,28,0.308430701
16,29,-0.069340691
16,30,-0.146690811
16,31,0.019700456
16,32,-0.071683175
16,33,-0.221880078
16,34,-0.004389292
16,35,0.218150869
16,36,0.199865066
16,37,0.276172995
16,38,0.427971533
16,39,0
16,40,0.016196471
16,41,-0.058687734
16,42,0.029030589
16,43,-0.028828276
16,44,-0.096609021
16,45,-0.124742512
16,46,-0.046120789
16,47,-0.069014059
16,48,0.0139024
16,49,0
16,50,-0.099181772
16,51,0.383642577
16,52,0.166632219
16,53,0.143209458
16,54,-0.0043802
16,55,-0.122706618
16,56,-0.055239494
16,57,-0.005892538
16,58,-0.007445468
16,59,0
16,60,1.100263827
16,61,0.098469196
16,62,0.285076889
16,63,-0.125481168
16,64,0
16,65,0
16,66,-0.07856742
16,67,0.043114564
16,68,0.076349983
16,69,0.021194335
16,70,0.035107147
16,71,0
16,72,0.131378773
16,73,0
16,74,-0.119534287
16,75,0.083968825
16,76,0.113360676
16,77,0
16,78,0
17,1,0.214409102
17,2,0.11785113
17,3,-0.42224161
17,4,0
17,5,0.340376574
17,6,0
17,7,0
17,8,0.031050783
17,9,-0.103957941
17,10,0
17,11,0
17,12,0
17,13,0
17,14,0
17,15,0.153386521
17,16,0.209532659
17,17,0.257800918
17,18,0.092434481
17,19,0.189830817
17,20,0.242777475
17,21,0.064038867
17,22,0.063779054
17,23,0.160285172
17,24,0
17,25,0.555555556
17,26,0
17,27,0.146349151
17,28,0.042198223
17,29,-0.131469788
17,30,-0.131565618
17,31,0.166560615
17,32,0.139916945
17,33,0.044256121
17,34,-0.112690635
17,35,0
17,36,0
17,37,0
17,38,0
17,39,-0.055966283
17,40,0
17,41,0.088563754
17,42,-0.12374693
17,43,-0.395597378
17,44,-0.13955781
17,45,0.086066296
17,46,0.036044645
17,47,0.132808673
17,48,0.037183023
17,49,-0.137434988
17,50,0.200312897
17,51,-0.104744247
17,52,-0.022110005
17,53,0.349178215
17,54,0.658479168
17,55,-0.148307617
17,56,0
17,57,0.204800364
17,58,0.379666655
17,59,0.052687645
17,60,0
17,61,0
17,62,0.00501586
17,63,0.107800489
17,64,0.466475091
17,65,0.459259259
17,66,-0.189268109
17,67,0.196827457
17,68,0
17,69,0.124225999
17,70,-0.026536969
17,71,0.076652699
17,72,0
17,73,0.384900179
17,74,0.149746707
17,75,0.247184251
17,76,0.43090449
17,77,0.105596027
17,78,0
17,79,0
17,80,0.289463311
17,81,0.339136476
17,82,0.248451998
17,83,0.196816938
17,84,0
17,85,-0.252274645
17,86,-0.103727133
17,87,0.148148148
17,88,0.159322034
17,89,0
17,90,-0.019923031
17,91,0
17,92,0.047558115
17,93,0.112984504
17,94,0.12357053
17,95,-0.027297178
17,96,0
17,97,0
17,98,-0.033186386
17,99,0.057140009
17,100,0
17,101,-0.095564015
17,102,0.046936588
17,103,0
17,104,0.117883309
17,105,-0.022793335
17,106,0.009525744
17,107,0
17,108,0
17,109,-0.067552319
18,1,0.266444698
18,2,0.014711847
18,3,-0.095940322
18,4,-0.19680993
18,5,-0.003188726
18,6,0.396478759
18,7,0.145093271
18,8,0.020175307
18,9,-0.272447012
18,10,0.137747368
18,11,0.123338568
18,12,-0.107862266
18,13,0.117369513
18,14,0
18,15,-0.19641855
18,16,0
18,17,0
18,18,0
18,19,0
18,20,0
18,21,-0.003307028
18,22,0
18,23,0
18,24,0.0379784
18,25,0
18,26,0.151302719
18,27,-0.045360921
18,28,0.175803676
18,29,0
18,30,0.092277502
18,31,0
18,32,0.294780169
18,33,0.605660237
18,34,0
18,35,0.087060362
18,36,0.191014095
18,37,0.138350317
18,38,0.293972368
18,39,7.57E-05
18,40,0
18,41,0.122924197
18,42,0.222334862
18,43,0.022155765
18,44,-0.053199289
18,45,0.657826498
18,46,0
18,47,0.205869445
18,48,0.015520318
18,49,0.097853244
18,50,0.481375301
18,51,-0.240856199
18,52,0.11739739
18,53,0.214540208
18,54,0
18,55,0
18,56,-0.003699882
18,57,0.018676736
18,58,-0.045982176
18,59,0.153154559
18,60,-0.044699685
18,61,0
18,62,-0.200018208
18,63,0.017879152
18,64,-0.079255582
18,65,0.056528503
18,66,-0.122161131
18,67,0.17914564
18,68,0.228907388
18,69,0.22057111
18,70,0.139693013
18,71,0
18,72,0.207149901
18,73,-0.04800104
18,74,0.289885991
18,75,0.114089401
18,76,0.258708593
18,77,0.178092235
18,78,0.347832797
18,79,0.06415003
18,80,-0.004090091
18,81,0.088375246
18,82,0.037795193
19,1,0.057869281
19,2,-0.074794561
19,3,-0.507757506
19,4,0.058449533
19,5,0
19,6,0
19,7,-0.097324308
19,8,0.125988158
19,9,0.23570226
19,10,0
19,11,0
19,12,0
19,13,0.066383185
19,14,0.10853466
19,15,0.10279269
19,16,-0.009196396
19,17,0
19,18,0
19,19,0
19,20,0
19,21,0.029051928
19,22,0.209980263
19,23,0
19,24,0.116328682
19,25,0.228391842
19,26,0.175682092
19,27,0.253571679
19,28,0
19,29,0.075464395
19,30,0.345333584
19,31,0.010375289
19,32,-0.356787354
19,33,0
19,34,0.115841341
19,35,-0.197066372
19,36,0
19,37,0
19,38,0
19,39,-0.048216502
19,40,-0.181727051
19,41,0.108403287
19,42,0.102199883
19,43,0.132766369
19,44,0.108403287
19,45,0.259152828
19,46,0
19,47,0
19,48,0.153823609
19,49,0.070174887
19,50,0.016502296
19,51,-0.015159783
19,52,-0.088026878
19,53,0
19,54,-0.079922641
19,55,0.226804606
19,56,0.10317237
19,57,-0.176178529
19,58,0
19,59,0
19,60,-0.292025297
19,61,0
19,62,0.44098127
19,63,0
19,64,-0.05363224
19,65,0.115616658
19,66,0.137780702
19,67,0.070485935
19,68,0
19,69,0.006213751
19,70,-0.145239741
19,71,0.167506303
19,72,0.499601865
19,73,-0.107396502
19,74,0.23570226
19,75,0.016477229
19,76,-0.016688377
19,77,0.12179183
19,78,-0.021439171
19,79,0.028416129
19,80,0
19,81,0.037304562
19,82,-0.388888889
19,83,0
19,84,0.011803204
19,85,0.218790126
19,86,0.408767337
19,87,-0.212838903
19,88,0.577350269
19,89,0
19,90,0.445425378
19,91,-0.01493304
19,92,0.08034974
19,93,-0.019076677
19,94,0.083999395
19,95,0.061898446
19,96,0.104868435
19,97,0.679410395
19,98,0.227990477
19,99,0
19,100,0
19,101,0
19,102,0
19,103,0.005361
19,104,0
19,105,0
19,106,0.254906371
19,107,0.208492273
19,108,0
19,109,-0.258933929
19,110,0
19,111,0.111413507
19,112,-0.072138857
19,113,0
19,114,0
19,115,-0.032043284
19,116,0
19,117,0
19,118,0
19,119,-0.136707545
19,120,0.029695694
19,121,0.17387613
19,122,0.040030567
19,123,-0.173916398
19,124,0.070966609
19,125,0
19,126,0
19,127,0.393007349
19,128,-0.162112895
19,129,0
19,130,0.005332987
19,131,0.016079593
19,132,0
19,133,0.055555556
19,134,-0.12068904
19,135,0.175682092
19,136,-0.096225045
19,137,0
19,138,0.07996468
19,139,0.224525105
19,140,0
19,141,0.012389987
19,142,-0.034080903
19,143,0.292133663
19,144,0
20,1,0.207869855
20,2,-0.010203351
20,3,0
20,4,-0.022471811
20,5,0
20,6,-0.235709281
20,7,0.200821359
20,8,0
20,9,0
20,10,-0.079212115
20,11,0
20,12,-0.149720962
20,13,0
20,14,-0.107331145
20,15,0.014658682
20,16,0.205710731
20,17,0.095154179
20,18,0
20,19,0
20,20,-0.080563539
20,21,0
20,22,0.707106781
20,23,-0.211009374
20,24,0.022349722
20,25,0
20,26,0.274985971
20,27,0
20,28,-0.049207558
20,29,-0.067552319
20,30,0.098881882
20,31,0.135900148
20,32,0.421582616
20,33,-0.029221401
20,34,0.312638562
20,35,-0.165716184
20,36,0
20,37,0
20,38,0
20,39,0.004989421
20,40,0
20,41,0
20,42,0
20,43,0.244402649
20,44,-0.356180085
20,45,0
20,46,0.134885279
20,47,0
20,48,0
20,49,0.086069753
20,50,0
20,51,-0.061111039
20,52,0.199887325
20,53,0
20,54,0.076509473
20,55,0
20,56,0
20,57,0
20,58,-0.035623065
20,59,0
20,60,-0.277777778
20,61,0
20,62,0.022519051
20,63,-0.116486028
20,64,0.345505984
20,65,0
20,66,0
20,67,-0.073403704
20,68,0.080973043
20,69,0
20,70,0.095102476
20,71,0
20,72,-0.153475217
20,73,0
20,74,0
20,75,0
20,76,0.030149655
20,77,-0.137806747
20,78,0
20,79,0
20,80,-0.124208664
20,81,0
20,82,0
20,83,-0.337339216
20,84,-0.087712998
20,85,-0.142124215
20,86,0
20,87,0.058721568
20,88,0.060777427
20,89,0.023389127
20,90,0.088738963
20,91,0.117995492
20,92,0
20,93,0
20,94,0
20,95,0.260449514
20,96,-0.254888197
20,97,0
20,98,-0.25
20,99,-0.053338663
20,100,0.232649329
20,101,-0.149624309
20,102,0.185185185
20,103,-0.072583932
20,104,0.259152828
20,105,0
20,106,-0.300713893
20,107,0
20,108,-0.121838322
20,109,0
20,110,-0.017613215
20,111,0.015557564
20,112,0
20,113,0
20,114,0.347832797
20,115,0.029879726
20,116,0
20,117,-0.085460012
20,118,0.06674022
20,119,0
20,120,-0.388888889
20,121,-0.024179938
20,122,-0.151477702
20,123,0
20,124,0
20,125,0.116038559
20,126,-0.098104509
20,127,-0.096474974
20,128,-0.146977792
20,129,0
20,130,-0.09937618
20,131,0.108651439
20,132,0.004803527
20,133,-0.053960645
20,134,0.188261999
20,135,-0.069598747
20,136,-0.050230245
20,137,0.183712553
20,138,-0.306086464
20,139,0.16798421
20,140,0.358608823
20,141,-0.204359156
20,142,0
20,143,0
20,144,0
20,145,0
20,146,0
20,147,0
20,148,0
20,149,0
20,150,-0.287881193
20,151,0
20,152,0.230602243
20,153,-0.174978966
20,154,0
20,155,0.235702261
21,1,-0.481994102
21,2,0.069725722
21,3,0.041877282
21,4,0.146365495
21,5,0
21,6,0.437609731
21,7,0.008575823
21,8,0
21,9,0
21,10,-0.022478816
21,11,0.091650359
21,12,0
21,13,0.012748917
21,14,-0.037572754
21,15,-0.063351342
21,16,0.132150892
21,17,0
21,18,0
21,19,0.138523013
21,20,-0.125988158
21,21,-0.189132689
21,22,-0.23570226
21,23,0
21,24,0
21,25,-0.140559032
21,26,0.120817706
21,27,0.107195316
21,28,0
21,29,-0.301629818
21,30,0.063565486
21,31,-0.232243917
21,32,-0.183604938
21,33,-0.130312328
21,34,0
21,35,0
21,36,0.4
21,37,0
21,38,-0.165822779
21,39,-0.098717831
21,40,-0.140877548
21,41,0
21,42,0
21,43,0
21,44,0
21,45,0
21,46,0.17044239
21,47,0.260771224
21,48,-0.020399983
21,49,0
21,50,0.192000501
21,51,0.447213595
21,52,0
21,53,0
21,54,0
21,55,0
21,56,0.103462103
21,57,0.388888889
21,58,0.00485227
21,59,0
21,60,0
21,61,0
21,62,0.036005611
21,63,-0.11388814
21,64,0.129715842
21,65,-0.100196281
21,66,0
21,67,0.029051928
21,68,0
21,69,0
21,70,-0.150953079
21,71,0.022081773
21,72,0.099135347
21,73,0.234508824
21,74,0.274544335
21,75,0
21,76,0
21,77,-0.025545533
21,78,0.714434509
21,79,0.037242063
21,80,0.564520263
21,81,0.340102357
21,82,0.259259259
21,83,0.059810207
21,84,0.120633047
21,85,-0.070272837
21,86,0.076078439
21,87,0
21,88,-0.023047092
21,89,-0.134370098
21,90,-0.014915239
21,91,0.268328157
21,92,-0.180552655
21,93,-0.114983407
21,94,-0.084945662
21,95,-0.070910426
21,96,-0.083967834
21,97,0
21,98,0.242535625
21,99,-0.10553662
21,100,-0.859102323
21,101,0.160605999
21,102,0
21,103,0
21,104,-0.143525887
21,105,-0.141933219
21,106,0.341369155
21,107,-0.008836362
21,108,0.096225045
21,109,-0.05842205
21,110,0
21,111,-0.482990683
21,112,0.471404521
21,113,0.738091656
21,114,-0.000702637
21,115,0
21,116,-0.131703931
21,117,0.190124618
21,118,0.07861113
21,119,0
21,120,0.10797145
21,121,-0.106370678
21,122,-0.023969721
21,123,-0.009050411
21,124,0.199348836
21,125,-0.023188489
21,126,0.2225
21,127,0.258808092
21,128,-0.3
21,129,-0.205806669
21,130,-0.140119117
21,131,0.115083763
21,132,-0.166757612
21,133,-0.111362265
21,134,-0.076235106
21,135,-0.107979087
21,136,0.002062217
21,137,-0.296719854
21,138,0.023051905
21,139,0.011422391
21,140,-0.095299459
21,141,0.109695027
21,142,0.141926964
21,143,0
21,144,0
21,145,0
21,146,-0.19245009
21,147,0.1111752
21,148,0.026446009
21,149,-0.170865819
21,150,0.108830424
21,151,-0.027429535
21,152,0
21,153,-0.072571729
22,1,-0.281326674
22,2,-0.046484672
22,3,0.207643285
22,4,-0.530417926
22,5,0
22,6,0.305061214
22,7,-0.05641019
22,8,0.035553115
22,9,0
22,10,-0.135146905
22,11,-0.103631272
22,12,0
22,13,0
22,14,0
22,15,-0.033898305
22,16,-0.352200878
22,17,-0.012473746
22,18,-0.208575457
22,19,0.150905175
22,20,-0.103235779
22,21,0.140290472
22,22,0
22,23,-3.17E-05
22,24,0.196782001
22,25,0.017194668
22,26,-0.055638795
22,27,0
22,28,0.399514638
22,29,0.011753782
22,30,0
22,31,-0.104666712
22,32,-0.777777778
22,33,-0.142011905
22,34,0.093616753
22,35,0.002755425
22,36,0
22,37,-0.209997061
22,38,0
22,39,-0.287634971
22,40,0
22,41,0.126036173
22,42,-0.140185665
22,43,-0.021125633
22,44,0
22,45,0.156974632
22,46,0
22,47,-0.221795679
22,48,0.11603946
22,49,-0.13369705
22,50,0
22,51,0
22,52,0.00529208
22,53,-0.007467763
22,54,0.11190764
22,55,0
22,56,0
22,57,0
22,58,-0.020803414
22,59,0.124026685
22,60,-0.077139013
22,61,-0.161227919
22,62,-0.11278125
22,63,-0.02978857
22,64,-0.38692774
22,65,-0.403124007
22,66,-0.057846233
22,67,-0.120867188
22,68,0
22,69,0
22,70,-0.058300766
22,71,0.124930048
22,72,0.096225045
22,73,-0.056208016
22,74,0
22,75,0.023969721
22,76,0.134372873
22,77,-0.013017413
22,78,0.127094625
22,79,-0.081649658
22,80,0
22,81,0
22,82,0
22,83,0
22,84,0
22,85,0
22,86,0
22,87,-0.234508824
22,88,0
22,89,-0.236970395
22,90,0.173123992
22,91,0.105521851
22,92,0.019505745
22,93,0.039137375
22,94,0.28086177
22,95,0.100340658
22,96,0.012037568
22,97,-0.204326789
22,98,-0.045713344
22,99,-0.147010351
22,100,0.022832522
22,101,0.326079858
22,102,0.002259319
22,103,0.165434014
22,104,-0.136850444
22,105,-0.101524449
22,106,0
22,107,0.50884707
22,108,0.279404001
22,109,0
22,110,-0.00260165
22,111,-0.090596278
22,112,0
22,113,-0.288896013
22,114,-0.164032047
22,115,-0.198935584
22,116,-0.061403729
22,117,-0.091602893
22,118,0.097977145
22,119,0.091206611
22,120,0.030195451
22,121,-0.254237288
22,122,0.174865809
22,123,0
22,124,0.079437645
22,125,-0.096225045
22,126,-0.199619533
22,127,0.04387736
22,128,0.250432453
22,129,0
22,130,0.091818963
22,131,-0.100545399
22,132,-0.143443828
22,133,-0.031643649
22,134,-0.007989907
22,135,0.014658682
22,136,-0.129366172
22,137,0.107475081
22,138,-0.398496618
22,139,0
22,140,0
22,141,0
23,1,-0.118444843
23,2,0
23,3,0
23,4,0
23,5,-0.163097428
23,6,0
23,7,0
23,8,0
23,9,0.157526761
23,10,0
23,11,-0.519615242
23,12,-0.615422597
23,13,0
23,14,0
23,15,0.113400702
23,16,0
23,17,0.247682955
23,18,0
23,19,0.085448061
23,20,0
23,21,0
23,22,0
23,23,0.22304217
23,24,-0.408026124
23,25,0
23,26,-0.136416935
23,27,0
23,28,0
23,29,0.101839105
23,30,0
23,31,0
23,32,0
23,33,-0.225714876
23,34,-0.160605999
23,35,0
23,36,0.026325842
23,37,-0.100809999
23,38,0.515302567
23,39,0.193525249
23,40,0
23,41,0.167506303
23,42,-0.207869855
23,43,-0.015748349
23,44,-0.312489664
23,45,0
23,46,-0.39680776
23,47,0.013072699
23,48,0.078156772
23,49,0
23,50,0.277777778
23,51,0
23,52,0.155490082
23,53,0
23,54,0
23,55,0.011702212
23,56,0
23,57,0
23,58,-0.141849412
23,59,-0.043031058
23,60,0.054485358
23,61,0.077781017
23,62,0.034129972
23,63,-0.138888889
23,64,-0.559096799
23,65,-0.16835803
23,66,-0.197345245
23,67,0
23,68,0
23,69,0
23,70,0.00473338
23,71,0
23,72,0.241140331
23,73,-0.012393832
23,74,0.057961034
23,75,0
23,76,0
23,77,-0.016655332
23,78,-0.205900816
23,79,0.076652699
23,80,0
23,81,0
23,82,0.151703139
23,83,0.053741552
23,84,0
23,85,0
23,86,-0.131090136
23,87,0
23,88,0
23,89,-0.128883661
23,90,0
23,91,0.168375865
23,92,0
23,93,0
23,94,0.027423882
23,95,-0.052655263
23,96,-0.274941116
23,97,-0.092749447
23,98,0
23,99,0
23,100,0
23,101,-0.114050305
23,102,-0.161291488
23,103,-0.094608605
23,104,0.148834312
23,105,0.778510834
23,106,0.109205387
23,107,0
23,108,-0.190274324
23,109,-0.177805748
23,110,0
23,111,0
23,112,0
23,113,0
23,114,0.042356938
23,115,-0.015822997
23,116,0
23,117,0.180978828
23,118,0.116161326
23,119,0.428914702
23,120,-0.010954898
23,121,-0.094193764
23,122,0
23,123,0
23,124,0.060564647
23,125,0
23,126,-0.140425398
23,127,0.15928218
23,128,-0.01322422
23,129,0
23,130,0
23,131,0
23,132,0.07781025
23,133,0.074826628
23,134,0
23,135,-0.003156689
23,136,0.05332321
23,137,0.267890772
23,138,0
23,139,0.023637834
23,140,0
23,141,0.152378338
23,142,0.089633192
23,143,0.356398528
23,144,0.192427439
23,145,-0.221118155
23,146,0.233525577
23,147,-0.186197956
23,148,0
23,149,0.292183724
23,150,-0.261770245
23,151,0.337384703
23,152,-0.125061828
23,153,0
23,154,0
23,155,0
23,156,-0.106916717
23,157,0.154909587
24,1,-0.144374318
24,2,0.340220863
24,3,-0.024316184
24,4,-0.2
24,5,0.194154728
24,6,0.057605634
24,7,0.035650384
24,8,-0.132550371
24,9,0.13122836
24,10,-0.050184869
24,11,-0.104666712
24,12,0
24,13,0
24,14,-0.012378558
24,15,-0.164794276
24,16,0.218707131
24,17,0.348283276
24,18,0.260437189
24,19,-0.141858534
24,20,0.426918068
24,21,0.260062258
24,22,0.128745821
24,23,-0.125805867
24,24,0.72252991
24,25,0.191940544
24,26,0.131762762
24,27,0
24,28,0.078054314
24,29,0.21931373
24,30,0.074071074
24,31,-0.237881583
24,32,0.701496378
24,33,-0.012154518
24,34,0.304998342
24,35,-0.035354845
24,36,1.16323081
24,37,0.150856579
24,38,-0.091750979
24,39,-0.071705884
24,40,0.27940513
24,41,0.308514283
24,42,0.156007587
24,43,0.223790239
24,44,0.106196107
24,45,0.353750128
24,46,0.072772676
24,47,-0.130484675
24,48,0.014834165
24,49,0.12430787
24,50,-0.058904377
24,51,0.150735644
24,52,0.187113787
24,53,-0.293122448
24,54,-0.049865044
24,55,-0.025126056
24,56,0.289276577
24,57,-0.477271209
24,58,0
24,59,-0.231756264
24,60,0.134480123
24,61,0.000135911
24,62,0.243409439
24,63,0.299951618
24,64,0.06516504
24,65,0.538537629
24,66,0.262629792
24,67,0
24,68,0.198534126
24,69,0.005581531
24,70,0.329387991
24,71,0.061523404
24,72,-0.069661657
24,73,-0.226804606
24,74,0
24,75,0.216348794
24,76,-0.144505281
24,77,-0.005649718
25,1,-0.180407248
25,2,-0.003765069
25,3,0.144591543
25,4,0.333605444
25,5,0.115562266
25,6,-0.017373072
25,7,0.022077291
25,8,-0.111617212
25,9,0.160375075
25,10,0.1427185
25,11,0.051365057
25,12,0.609474307
25,13,0
25,14,0.081356238
25,15,0.324858757
25,16,0.105409255
25,17,0.143736483
25,18,0
25,19,-0.025490637
25,20,0.317526448
25,21,0
25,22,-0.084681313
25,23,0.222172657
25,24,-0.153545104
25,25,-0.00397704
25,26,0.123449694
25,27,0
25,28,0
25,29,0.069568123
25,30,0.022081773
25,31,0.108403287
25,32,0
25,33,0.10709345
25,34,-0.492395377
25,35,0.233711316
25,36,0.024702508
25,37,0.423627772
25,38,0.05195355
25,39,-0.19146661
25,40,0.421012469
25,41,0.213861603
25,42,0.087585848
25,43,0
25,44,0.06974727
25,45,0.100490157
25,46,0.440510608
25,47,-0.050770813
25,48,-0.229303361
25,49,-0.13824356
25,50,0
25,51,0
25,52,0
25,53,0.049815438
25,54,-0.123073571
25,55,0.206727306
25,56,0.196346451
25,57,-0.077777125
25,58,0
25,59,-0.126491106
25,60,-0.052441671
25,61,-0.005366211
25,62,0
25,63,-0.002386224
25,64,0
25,65,0.072497966
25,66,0
25,67,-0.03022075
25,68,-0.26942841
25,69,-0.027260778
25,70,-0.276237479
25,71,-0.122925093
25,72,-0.082992467
25,73,0.007723577
25,74,0.046647744
25,75,0.146212242
25,76,-0.148330259
25,77,0
25,78,0.067452415
25,79,0
25,80,-0.194372878
25,81,-0.103322474
25,82,-0.063082441
25,83,0.014260405
25,84,0
25,85,0.067435584
25,86,0
25,87,0
25,88,0
25,89,0.03688745
25,90,0
26,1,0.057651388
26,2,-0.019068894
26,3,0
26,4,0
26,5,0.118907473
26,6,0
26,7,0.022267514
26,8,0
26,9,0
26,10,0
26,11,0
26,12,0
26,13,0.055493057
26,14,-0.024193098
26,15,0.084584405
26,16,0
26,17,0
26,18,0.080243813
26,19,0.017277807
26,20,0.016468393
26,21,0
26,22,0
26,23,0.149071198
26,24,0.037230363
26,25,-0.376475161
26,26,0
26,27,0.234508824
26,28,-0.048093328
26,29,0.012873301
26,30,0
26,31,0
26,32,0
26,33,0.094639342
26,34,0.315333367
26,35,0.135090783
26,36,-0.241164415
26,37,0
26,38,0
26,39,-0.137965412
26,40,0.538502413
26,41,0
26,42,0.066688429
26,43,0.271276993
26,44,0.048706762
26,45,-0.020574893
26,46,-0.100176541
26,47,-0.039546895
26,48,-0.377964473
26,49,0
26,50,-0.000264045
26,51,0.277052853
26,52,-0.027029089
26,53,-0.251378469
26,54,0.213175288
26,55,0.070272837
26,56,0.21029742
26,57,0
26,58,-0.153025245
26,59,-0.027385398
26,60,0
26,61,0
26,62,0.055042783
26,63,0.084325917
26,64,0.011022877
26,65,0.021176869
26,66,0
26,67,-0.012180439
26,68,-0.080784258
26,69,0
26,70,0
26,71,-0.17462565
26,72,-0.179709126
26,73,0
26,74,-0.085003367
26,75,0.093351419
26,76,0.007289386
26,77,0.008760752
26,78,0.08409955
26,79,0
26,80,0.001869328
26,81,0
26,82,0.007932007
26,83,0.042988827
26,84,0.002494581
26,85,0.767925115
26,86,-0.10981969
26,87,-0.027094459
26,88,0.013815117
26,89,-0.031580387
26,90,0.63962584
26,91,0.217043603
26,92,0.072739297
26,93,0
26,94,-0.198656447
26,95,0
26,96,0.077847487
27,1,-0.109695147
27,2,0.440668435
27,3,0.062714531
27,4,-0.806855937
27,5,-0.248233555
27,6,0.291162629
27,7,0.271299501
27,8,-0.177315895
27,9,-0.212132034
27,10,-0.127195928
27,11,0.020302159
27,12,0.090852358
27,13,-0.015227303
27,14,0
27,15,0
27,16,0
27,17,0
27,18,0
27,19,0
27,20,-0.011601243
27,21,-0.051851038
27,22,0
27,23,0
27,24,0.118444843
27,25,0.108846119
27,26,0
27,27,-0.079212115
27,28,0.009031082
27,29,0.065810935
27,30,0.08181362
27,31,0
27,32,0
27,33,-0.229175345
27,34,0.165185174
27,35,-0.221739204
27,36,0
27,37,0.14761777
27,38,0
27,39,-0.009517141
27,40,-0.024676264
27,41,0.060646979
27,42,0.097344073
27,43,0.134988794
27,44,-0.113862555
27,45,0.527505259
27,46,-0.306188158
27,47,-0.105472835
27,48,0.003235852
27,49,0.096784769
27,50,-0.135018564
27,51,0.798981738
27,52,0
27,53,-0.11785113
27,54,0
27,55,-0.041000725
27,56,0.040084012
27,57,0.029179526
27,58,0
27,59,0.505844394
27,60,0
27,61,0
27,62,-0.018633698
27,63,-0.061307669
27,64,0
27,65,0
27,66,-0.035224834
27,67,0
27,68,-0.144085642
27,69,0.052616362
27,70,-0.06579119
27,71,0.008814849
27,72,-0.199464149
27,73,-0.109553136
27,74,0.055808509
27,75,0.04182636
27,76,-0.018315898
27,77,0.024246432
27,78,0
27,79,-0.055721868
27,80,-0.15306205
27,81,-0.265470413
27,82,0
27,83,0
27,84,0
27,85,0
27,86,0
27,87,-0.191823472
27,88,0
27,89,0.057514029
27,90,0.155937141
27,91,0.125167273
27,92,0.217365331
27,93,0.066234726
27,94,0.0811749
27,95,0
27,96,0.124192316
27,97,0
27,98,0.28706304
27,99,0
27,100,0.353553391
27,101,0.651342373
27,102,0.184043116
27,103,0.265262634
27,104,0.214702891
27,105,0.136686402
27,106,0.317526448
27,107,0.377610573
27,108,-0.190077129
27,109,-0.085870164
27,110,-0.000196048
27,111,0.136082763
27,112,0
27,113,0.139512285
27,114,0.44394146
27,115,0.091977089
27,116,-0.324558464
27,117,0
27,118,0.366120077
27,119,0.106195412
27,120,0
27,121,-0.226804606
27,122,0
27,123,0
27,124,0
27,125,-0.246635018
27,126,0.410719643
27,127,0
27,128,0.112838197
27,129,0.163936335
27,130,-0.047046251
28,1,0
28,2,0.029118773
28,3,0.05021326
28,4,0
28,5,0
28,6,9.27E-05
28,7,-0.633073461
28,8,0.220415278
28,9,0.100325433
28,10,0.063918304
28,11,0.09982065
28,12,0.014874392
28,13,0.125988158
28,14,-0.085492452
28,15,0
28,16,0.101515417
28,17,0
28,18,-0.086679221
28,19,-0.140543469
28,20,0
28,21,0
28,22,0
28,23,0.100503781
28,24,0
28,25,0.225823
28,26,0.050454618
28,27,-0.10601021
28,28,0
28,29,0.00079018
28,30,0.008760752
28,31,0
28,32,0
28,33,0.02688448
28,34,0
28,35,0.053768959
28,36,0
28,37,0
28,38,0.194020839
28,39,0.456487535
28,40,0.115612823
28,41,0.08016851
28,42,0.301018839
28,43,0.018583523
28,44,0.474334637
28,45,0.209776837
28,46,0.076652699
28,47,0
28,48,-0.078310565
28,49,0.119621364
28,50,0.010729686
28,51,0.10958757
28,52,0
28,53,0.139630402
28,54,0.634423307
28,55,0.473743581
28,56,0
28,57,0
28,58,-0.067515932
28,59,-0.025745118
28,60,-0.011102426
28,61,0.233175772
28,62,0.07524451
28,63,0
28,64,-0.345563559
28,65,0.105012035
28,66,-0.123035316
28,67,0.024965722
28,68,0
28,69,0.208443457
28,70,0.168984
28,71,0.196346451
28,72,0
28,73,0
28,74,0.391748713
28,75,0.19641855
28,76,0.312784425
28,77,-0.058498156
28,78,-0.062803481
28,79,0
28,80,0.196415778
28,81,0.095909701
28,82,-0.002893721
28,83,0
28,84,0
28,85,0.031228342
28,86,0
28,87,0
28,88,0
28,89,0.069449795
28,90,0
28,91,0.04545282
28,92,-0.139243369
28,93,-0.148094475
28,94,0
28,95,0.148947263
28,96,0
28,97,0.456666571
28,98,0.130411724
28,99,0
28,100,0.167072065
28,101,0
28,102,0.195109333
28,103,0
28,104,0.048353156
28,105,0.197120732
28,106,0.152534772
28,107,0.018029692
28,108,-0.030736156
28,109,-0.08754651
28,110,-0.125268375
28,111,-0.020833108
28,112,0.00197714
28,113,0.008603139
28,114,0.277777778
28,115,0.180812017
28,116,-0.013176014
28,117,0.123720064
28,118,0.024845406
28,119,0.29147062
28,120,0.148750631
28,121,-0.092177777
28,122,0.100503781
28,123,-0.009704748
28,124,-0.018633698
28,125,0
28,126,-0.05200508
28,127,0
28,128,0
28,129,-0.163934659
28,130,0.026610447
28,131,-0.0649801
28,132,0.252559288
28,133,0
28,134,0
28,135,0.22324845
29,1,0.272039908
29,2,0.076889592
29,3,0.358721748
29,4,-0.013788553
29,5,-0.051097646
29,6,0.170031742
29,7,0.25432704
29,8,0.184741681
29,9,-0.277027996
29,10,-0.019158616
29,11,-0.206519237
29,12,0.007687886
29,13,0.301457337
29,14,-0.070466965
29,15,-0.016580446
29,16,-0.006609663
29,17,-0.063800285
29,18,0.110843507
29,19,0.383899129
29,20,-0.07636859
29,21,0.105995328
29,22,0.339903897
29,23,0.41843316
29,24,0.272982482
29,25,-0.004237288
29,26,-0.001090947
29,27,0
29,28,0
29,29,0
29,30,-0.25906304
29,31,-0.207804541
29,32,0.025486503
29,33,0.26528934
29,34,0.077411065
29,35,-0.115841341
29,36,0
29,37,-0.342671955
29,38,0.096225045
29,39,-0.079112172
29,40,-0.011475506
29,41,0.227561645
29,42,0.004893902
29,43,0
29,44,0
29,45,0
29,46,0
29,47,-0.045428176
29,48,-0.031752147
29,49,0
29,50,0.020289984
29,51,0
29,52,-0.002694526
29,53,-0.148221941
29,54,0.076874993
29,55,-0.359892541
29,56,0.117237215
29,57,0
29,58,-0.123692994
29,59,-0.143060544
29,60,0.035787458
29,61,0.213009488
29,62,-0.459663648
29,63,-0.888194203
29,64,1.79E-05
29,65,-0.190662627
29,66,0.011397163
29,67,0.071357114
29,68,-0.02841784
29,69,0.174405893
29,70,0
29,71,0
29,72,-0.027816218
29,73,-0.114972878
29,74,0.022562202
29,75,0.154083388
29,76,-0.052565651
29,77,0.091922941
29,78,0.24459825
29,79,0.321779619
29,80,0.209158409
29,81,0.334023548
29,82,-0.231781088
29,83,0.20248404
29,84,0.197848698
29,85,0.479539531
